timestamp,acc_x,acc_y,acc_z,gyro_x,gyro_y,gyro_z
0,17,-256,-28,-6,65,-6
5,15,-253,-30,-5,68,-5
10,18,-256,-28,-5,70,-4
15,17,-255,-29,-5,70,-4
20,18,-253,-28,-5,68,-4
25,19,-254,-26,-8,67,-3
30,19,-254,-21,-10,65,-4
35,19,-256,-25,-11,62,-2
40,17,-252,-29,-10,62,-2
45,20,-255,-24,-8,61,-3
50,19,-253,-30,-8,58,-1
55,16,-254,-22,-7,58,-3
60,17,-253,-27,-6,57,-2
65,16,-252,-23,-6,57,-2
70,22,-256,-26,-5,55,-1
75,16,-254,-27,-4,56,-1
80,20,-255,-26,-4,56,-1
85,21,-252,-25,-4,55,-1
90,15,-252,-27,-7,56,-1
95,18,-254,-25,-8,55,-1
100,20,-255,-30,-11,54,-1
105,15,-251,-24,-11,55,-2
110,18,-254,-26,-12,57,-2
115,18,-254,-27,-12,58,-2
120,19,-254,-27,-12,59,-5
125,19,-250,-27,-13,59,-2
130,16,-254,-26,-13,61,-4
135,18,-255,-26,-14,61,-3
140,17,-256,-27,-12,60,-5
145,18,-255,-31,-11,58,-4
150,18,-254,-25,-9,58,-5
155,17,-256,-24,-6,56,-2
160,18,-254,-25,-3,56,-2
165,18,-253,-25,0,56,-2
170,22,-255,-27,0,57,-4
175,19,-257,-29,-1,57,-2
180,18,-254,-28,-3,57,-3
185,16,-253,-24,-6,56,0
190,20,-254,-25,-10,55,-3
195,17,-251,-25,-11,53,1
200,16,-251,-28,-12,52,-1
205,17,-252,-25,-15,52,2
210,19,-254,-24,-16,51,-1
215,18,-255,-22,-16,53,1
220,19,-254,-20,-17,52,-1
225,18,-256,-23,-18,54,1
230,17,-258,-27,-18,55,0
235,19,-255,-23,-17,57,2
240,16,-253,-24,-15,57,0
245,19,-256,-22,-14,61,3
250,19,-257,-27,-12,62,-2
255,17,-254,-25,-12,64,-1
260,18,-255,-28,-10,67,-4
265,18,-252,-25,-6,66,-1
270,21,-255,-27,-5,65,-5
275,21,-255,-28,-4,65,-3
280,19,-256,-24,-5,63,-6
285,22,-256,-29,-5,63,-5
290,18,-256,-25,-8,63,-7
295,17,-256,-30,-7,59,-4
300,19,-255,-24,-9,58,-6
305,20,-254,-30,-12,57,-4
310,18,-255,-23,-13,57,-6
315,18,-253,-29,-14,57,-3
320,19,-255,-26,-13,56,-5
325,19,-254,-29,-14,56,-4
330,20,-253,-29,-14,57,-5
335,19,-252,-26,-15,56,-1
340,19,-254,-27,-17,55,-4
345,20,-255,-24,-17,56,-2
350,18,-255,-24,-18,55,-4
355,18,-254,-25,-17,57,-1
360,17,-254,-24,-17,57,-3
365,18,-255,-24,-15,57,-1
370,19,-257,-25,-13,58,-4
375,18,-256,-26,-10,59,0
380,17,-254,-25,-8,60,-2
385,16,-255,-22,-6,61,1
390,19,-257,-23,-6,62,-2
395,15,-255,-25,-5,62,-2
400,22,-256,-26,-8,65,-5
405,15,-253,-24,-9,65,-4
410,18,-253,-24,-11,63,-7
415,17,-252,-27,-13,62,-6
420,21,-254,-30,-14,62,-9
425,22,-255,-29,-17,61,-6
430,18,-253,-26,-20,61,-9
435,19,-253,-26,-21,60,-7
440,21,-257,-28,-21,61,-9
445,18,-254,-22,-21,61,-6
450,19,-255,-28,-22,62,-6
455,20,-256,-25,-20,62,-4
460,18,-253,-27,-23,64,-7
465,19,-256,-27,-22,65,-4
470,17,-255,-27,-20,65,-7
475,21,-257,-29,-19,65,-4
480,19,-255,-23,-19,67,-6
485,20,-257,-25,-17,67,-3
490,18,-254,-24,-17,69,-5
495,19,-254,-28,-16,68,-3
500,20,-257,-25,-15,69,-4
505,19,-253,-26,-14,67,-4
510,16,-257,-23,-15,66,-6
515,20,-253,-27,-15,64,-4
520,22,-254,-29,-16,62,-5
525,19,-254,-28,-18,59,-5
530,21,-256,-24,-18,59,-7
535,20,-256,-25,-17,59,-6
540,17,-254,-26,-16,58,-6
545,21,-255,-24,-17,57,-5
550,18,-255,-25,-18,56,-7
555,19,-254,-25,-18,58,-6
560,19,-253,-23,-18,58,-5
565,20,-253,-26,-20,58,-3
570,17,-252,-28,-22,59,-4
575,17,-254,-25,-22,61,-2
580,21,-255,-28,-20,62,-3
585,19,-257,-28,-20,62,-1
590,18,-252,-25,-20,62,-3
595,17,-256,-24,-20,63,-4
600,15,-255,-28,-20,64,-3
605,15,-251,-24,-20,64,-4
610,20,-256,-29,-21,64,-5
615,19,-257,-25,-18,62,-3
620,15,-253,-28,-17,62,-4
625,17,-257,-24,-18,62,-5
630,17,-257,-23,-17,62,-5
635,18,-252,-26,-18,62,-7
640,19,-255,-19,-17,61,-6
645,19,-254,-29,-17,62,-8
650,18,-252,-24,-17,60,-7
655,19,-254,-25,-17,62,-8
660,18,-254,-23,-16,60,-8
665,18,-254,-26,-16,60,-10
670,19,-256,-27,-16,61,-10
675,17,-250,-20,-16,62,-11
680,14,-255,-26,-16,62,-11
685,19,-256,-23,-16,61,-13
690,20,-256,-23,-17,62,-11
695,20,-256,-25,-18,62,-12
700,16,-255,-25,-19,62,-12
705,17,-257,-29,-21,62,-14
710,21,-254,-27,-22,62,-11
715,19,-254,-26,-23,63,-11
720,20,-260,-26,-25,64,-9
725,20,-258,-26,-24,66,-8
730,18,-255,-25,-26,68,-5
735,21,-257,-26,-25,67,-6
740,21,-254,-30,-22,68,-5
745,20,-258,-27,-18,65,-5
750,19,-255,-26,-16,63,-4
755,20,-256,-27,-13,61,-4
760,17,-253,-26,-9,60,-3
765,17,-253,-26,-5,59,-3
770,20,-254,-29,-3,59,-3
775,18,-253,-28,-4,57,-3
780,19,-253,-27,-5,57,-2
785,18,-253,-24,-7,57,-3
790,19,-256,-26,-10,58,-1
795,17,-252,-28,-14,57,-3
800,19,-252,-27,-15,57,1
805,20,-253,-27,-15,59,-1
810,18,-254,-26,-15,61,3
815,19,-257,-27,-14,63,1
820,19,-255,-27,-14,63,2
825,20,-255,-27,-14,64,0
830,17,-254,-24,-14,64,2
835,19,-257,-28,-13,63,0
840,19,-254,-27,-14,63,3
845,19,-254,-23,-14,63,-1
850,18,-255,-27,-13,63,1
855,18,-254,-24,-12,61,-2
860,20,-252,-19,-12,61,0
865,17,-254,-26,-12,62,-3
870,19,-255,-26,-10,61,-1
875,19,-257,-25,-10,62,-3
880,17,-255,-25,-9,61,-3
885,18,-254,-26,-9,61,-5
890,16,-252,-23,-8,62,-3
895,16,-253,-26,-6,63,-6
900,19,-256,-29,-6,63,-4
905,19,-253,-21,-5,62,-7
910,18,-255,-25,-7,64,-4
915,18,-255,-28,-7,64,-6
920,20,-254,-28,-7,64,-3
925,19,-255,-28,-10,63,-6
930,19,-255,-27,-9,61,-2
935,19,-255,-24,-10,62,-5
940,20,-252,-25,-10,61,-2
945,20,-255,-31,-9,61,-3
950,16,-253,-24,-9,63,0
955,17,-253,-22,-8,63,-3
960,18,-256,-24,-6,64,0
965,21,-257,-32,-7,65,-1
970,18,-255,-28,-5,64,2
975,21,-257,-27,-3,64,1
980,18,-257,-26,-2,65,4
985,20,-256,-26,-2,63,1
990,20,-257,-24,-1,63,4
995,19,-253,-23,1,62,2
1000,18,-255,-23,1,62,3
1005,18,-253,-27,0,63,1
1010,32,-265,-16,-1,62,3
1015,16,-255,-25,-2,62,1
1020,19,-255,-22,-2,62,2
1025,20,-256,-29,-4,62,-2
1030,18,-256,-25,-5,62,0
1035,17,-256,-25,-4,63,0
1040,17,-254,-28,-4,62,0
1045,18,-251,-26,-5,62,-2
1050,17,-252,-27,-4,62,0
1055,20,-254,-25,-4,63,-2
1060,18,-253,-25,-3,63,0
1065,20,-256,-26,-4,65,-2
1070,19,-256,-22,-4,65,0
1075,19,-255,-24,-5,64,-1
1080,24,-257,-24,-6,64,0
1085,18,-254,-26,-6,64,-2
1090,18,-257,-25,-6,64,-1
1095,19,-254,-24,-7,64,-1
1100,19,-257,-22,-7,63,-1
1105,18,-255,-25,-7,63,-2
1110,20,-257,-23,-6,63,0
1115,20,-256,-26,-4,63,-2
1120,18,-254,-23,-4,64,0
1125,17,-255,-24,-3,63,-3
1130,20,-256,-22,-2,63,-1
1135,18,-251,-25,-3,62,-2
1140,16,-254,-27,-6,61,1
1145,19,-255,-27,-7,62,-1
1150,18,-255,-24,-8,63,0
1155,17,-254,-25,-8,63,0
1160,18,-253,-23,-9,62,1
1165,19,-255,-21,-11,62,1
1170,20,-256,-26,-13,62,0
1175,21,-253,-25,-14,60,-2
1180,17,-253,-23,-15,59,-1
1185,18,-255,-26,-15,58,-1
1190,19,-254,-26,-16,57,0
1195,18,-256,-25,-15,57,-1
1200,19,-256,-22,-14,57,0
1205,17,-253,-26,-12,55,1
1210,19,-256,-29,-13,58,3
1215,18,-256,-20,-10,61,3
1220,19,-254,-23,-9,62,3
1225,19,-258,-25,-6,66,2
1230,20,-257,-23,-5,64,2
1235,16,-254,-24,-3,64,2
1240,18,-255,-23,-3,65,1
1245,18,-255,-26,-3,65,2
1250,20,-256,-27,-3,64,1
1255,20,-254,-24,-2,63,1
1260,18,-255,-21,-3,62,-2
1265,19,-256,-20,-4,62,-1
1270,20,-255,-24,-5,60,-2
1275,21,-256,-25,-7,60,-1
1280,20,-257,-25,-7,58,-2
1285,20,-257,-26,-7,58,-2
1290,17,-253,-23,-7,59,-4
1295,17,-255,-21,-7,60,-2
1300,16,-255,-22,-9,61,-4
1305,20,-256,-23,-9,62,-2
1310,19,-255,-24,-10,61,-3
1315,20,-258,-27,-12,63,-2
1320,19,-252,-24,-13,63,-4
1325,18,-257,-25,-15,64,-2
1330,19,-254,-25,-16,64,-4
1335,18,-254,-25,-18,64,-2
1340,19,-254,-22,-19,62,-5
1345,19,-254,-21,-19,62,-4
1350,17,-253,-23,-19,61,-6
1355,16,-256,-26,-18,58,-5
1360,19,-256,-24,-16,58,-7
1365,18,-257,-22,-16,57,-5
1370,19,-253,-27,-14,58,-8
1375,18,-255,-27,-12,59,-6
1380,18,-255,-26,-12,59,-7
1385,18,-257,-30,-11,59,-7
1390,17,-256,-30,-11,61,-7
1395,19,-256,-29,-13,62,-5
1400,21,-256,-25,-15,62,-6
1405,17,-252,-28,-15,62,0
1410,21,-253,-28,-14,62,-2
1415,19,-255,-24,-14,62,1
1420,19,-254,-24,-16,63,0
1425,18,-258,-25,-11,64,2
1430,18,-254,-23,-10,62,1
1435,21,-254,-24,-8,62,2
1440,19,-253,-27,-4,61,-1
1445,21,-257,-25,-3,59,2
1450,19,-256,-23,-3,59,-2
1455,17,-255,-26,-4,60,0
1460,16,-255,-27,-4,59,-2
1465,17,-253,-21,-6,60,-2
1470,16,-258,-23,-8,60,-5
1475,20,-255,-27,-10,60,-3
1480,20,-256,-24,-11,61,-6
1485,18,-254,-21,-12,61,-3
1490,20,-257,-21,-12,61,-5
1495,18,-254,-23,-13,61,-3
1500,18,-256,-22,-14,62,-6
1505,19,-256,-25,-14,62,-2
1510,16,-256,-25,-16,63,-5
1515,18,-254,-26,-16,62,-2
1520,18,-256,-24,-17,62,-5
1525,19,-254,-25,-19,62,-1
1530,19,-256,-30,-16,61,-4
1535,17,-258,-24,-16,60,-1
1540,16,-256,-28,-15,59,-4
1545,16,-253,-27,-15,60,0
1550,19,-254,-24,-14,59,-4
1555,19,-254,-25,-14,60,-1
1560,19,-257,-26,-16,59,-3
1565,18,-254,-27,-14,60,0
1570,18,-254,-28,-15,58,-2
1575,17,-254,-26,-15,58,1
1580,19,-256,-24,-13,58,-1
1585,17,-253,-25,-12,58,3
1590,21,-257,-26,-11,57,0
1595,19,-253,-23,-9,59,1
1600,21,-254,-25,-9,60,0
1605,21,-255,-25,-8,60,2
1610,17,-252,-26,-7,60,1
1615,18,-257,-26,-9,61,3
1620,17,-255,-25,-9,60,0
1625,18,-253,-20,-12,60,0
1630,18,-253,-24,-12,61,-1
1635,18,-253,-23,-13,61,1
1640,18,-252,-23,-14,60,-2
1645,17,-253,-25,-16,61,-1
1650,20,-257,-22,-17,59,-3
1655,19,-253,-24,-18,58,-2
1660,19,-252,-27,-18,59,-4
1665,20,-255,-24,-17,58,-1
1670,17,-254,-24,-18,57,-1
1675,17,-255,-28,-18,57,0
1680,19,-255,-28,-19,59,0
1685,18,-255,-25,-18,57,0
1690,18,-255,-28,-18,58,-2
1695,16,-256,-25,-18,57,0
1700,15,-253,-24,-18,57,-2
1705,17,-258,-24,-16,56,-2
1710,18,-256,-25,-14,57,-3
1715,17,-256,-26,-11,60,-2
1720,18,-253,-24,-10,59,-4
1725,17,-257,-24,-9,60,-3
1730,20,-253,-24,-5,60,-4
1735,18,-254,-22,-5,61,-3
1740,21,-256,-25,-5,60,-3
1745,19,-253,-24,-7,61,-3
1750,19,-253,-25,-9,60,-4
1755,21,-256,-25,-10,58,-3
1760,19,-254,-26,-12,59,-3
1765,22,-254,-22,-14,58,-3
1770,18,-253,-23,-18,57,-2
1775,18,-253,-29,-19,56,-3
1780,17,-253,-25,-22,57,-3
1785,18,-254,-25,-22,56,-3
1790,18,-252,-25,-21,57,-3
1795,20,-256,-23,-22,57,-4
1800,18,-253,-22,-21,58,-4
1805,19,-256,-24,-18,60,-2
1810,18,-254,-27,-18,61,0
1815,20,-255,-28,-16,61,-2
1820,16,-251,-23,-16,63,0
1825,18,-255,-27,-14,63,0
1830,18,-255,-26,-12,63,-1
1835,20,-255,-25,-11,64,-1
1840,17,-255,-24,-10,64,-1
1845,17,-254,-24,-10,62,-1
1850,17,-256,-27,-10,61,-1
1855,22,-256,-26,-10,60,-1
1860,20,-256,-22,-11,60,0
1865,17,-255,-27,-12,58,-2
1870,19,-254,-26,-12,57,-2
1875,15,-254,-28,-15,55,-3
1880,13,-256,-28,-15,55,-4
1885,15,-254,-31,-15,53,-4
1890,24,-251,-25,-16,53,-2
1895,14,-248,-18,-15,53,-2
1900,23,-251,-9,-16,56,-2
1905,26,-250,-35,-15,57,-3
1910,15,-258,-21,-18,58,-1
1915,14,-252,-21,-18,58,-4
1920,18,-254,-27,-18,61,-2
1925,20,-254,-24,-20,60,-2
1930,16,-251,-25,-21,61,-1
1935,19,-255,-26,-20,62,-3
1940,14,-252,-17,-20,62,-3
1945,20,-255,-26,-19,62,-3
1950,17,-254,-28,-18,61,-2
1955,17,-254,-26,-17,62,-4
1960,20,-256,-25,-16,62,-3
1965,19,-256,-25,-14,61,-5
1970,20,-256,-27,-11,63,-2
1975,16,-254,-26,-9,62,-4
1980,17,-251,-29,-7,64,-5
1985,17,-255,-25,-9,65,-6
1990,20,-256,-24,-11,63,-4
1995,19,-255,-27,-12,62,-5
2000,18,-252,-27,-13,61,-2
2005,20,-253,-25,-14,60,-2
2010,14,-252,-25,-13,58,1
2015,20,-255,-23,-14,58,-1
2020,17,-252,-23,-13,57,2
2025,19,-254,-25,-14,57,1
2030,18,-256,-25,-12,57,2
2035,20,-256,-22,-11,56,1
2040,19,-257,-27,-9,57,2
2045,16,-253,-24,-10,55,-1
2050,19,-257,-24,-11,55,1
2055,16,-253,-26,-12,56,-3
2060,17,-254,-24,-13,54,-1
2065,17,-254,-22,-14,54,-4
2070,17,-255,-26,-15,54,-2
2075,16,-254,-26,-14,55,-5
2080,16,-254,-21,-14,56,-3
2085,18,-255,-23,-14,58,-6
2090,15,-255,-24,-14,59,-3
2095,19,-254,-23,-15,60,-5
2100,16,-255,-28,-15,61,-4
2105,20,-252,-24,-15,61,-6
2110,17,-251,-24,-16,61,-2
2115,19,-255,-20,-15,62,-4
2120,18,-253,-25,-14,63,-2
2125,20,-257,-26,-13,64,-4
2130,17,-256,-26,-12,64,-1
2135,18,-254,-26,-13,64,-2
2140,18,-253,-25,-15,63,0
2145,19,-257,-23,-13,62,-2
2150,19,-254,-25,-13,62,2
2155,19,-253,-23,-13,62,-2
2160,17,-254,-25,-13,61,2
2165,19,-255,-29,-12,63,-1
2170,18,-256,-26,-14,62,1
2175,20,-257,-23,-13,61,-1
2180,16,-254,-21,-12,61,-1
2185,17,-254,-21,-8,63,-3
2190,17,-255,-22,-8,60,0
2195,21,-254,-24,-5,61,-2
2200,16,-253,-27,-4,61,0
2205,17,-255,-23,-3,61,-1
2210,19,-256,-25,-5,62,0
2215,18,-255,-23,-6,60,-2
2220,18,-253,-23,-8,59,1
2225,21,-254,-26,-11,59,-1
2230,16,-253,-28,-14,60,-1
2235,16,-255,-25,-15,59,-4
2240,16,-254,-26,-18,59,-2
2245,19,-253,-22,-20,56,-5
2250,16,-253,-20,-22,56,-3
2255,18,-254,-26,-25,55,-5
2260,18,-255,-22,-25,54,-3
2265,18,-253,-26,-25,55,-4
2270,20,-255,-24,-25,56,-1
2275,17,-254,-25,-26,57,-1
2280,15,-256,-24,-25,58,-1
2285,18,-256,-23,-24,57,-3
2290,18,-253,-24,-24,59,0
2295,17,-256,-21,-23,60,-1
2300,17,-256,-25,-22,60,1
2305,17,-257,-22,-18,60,0
2310,18,-254,-24,-17,61,0
2315,16,-256,-22,-17,61,-1
2320,20,-258,-25,-14,61,0
2325,15,-257,-22,-13,60,0
2330,19,-253,-26,-11,60,1
2335,18,-254,-27,-9,61,-2
2340,18,-253,-20,-10,60,-2
2345,18,-254,-27,-11,59,-4
2350,17,-252,-26,-11,58,-3
2355,17,-255,-26,-13,58,-5
2360,19,-254,-26,-13,58,-5
2365,16,-253,-24,-13,59,-6
2370,16,-254,-26,-13,57,-6
2375,20,-254,-24,-14,58,-7
2380,17,-253,-23,-14,57,-4
2385,18,-253,-24,-17,59,-6
2390,18,-256,-23,-17,60,-3
2395,17,-254,-28,-18,59,-2
2400,20,-256,-28,-19,59,-1
2405,16,-256,-23,-18,59,0
2410,19,-256,-24,-17,61,1
2415,18,-255,-23,-17,62,0
2420,19,-257,-24,-16,62,1
2425,15,-256,-25,-15,62,1
2430,19,-258,-19,-14,62,2
2435,19,-258,-23,-12,62,1
2440,18,-258,-26,-9,61,1
2445,16,-256,-24,-8,60,0
2450,19,-255,-27,-7,61,0
2455,17,-256,-23,-7,60,-1
2460,17,-257,-23,-7,60,-3
2465,18,-253,-25,-7,60,-3
2470,19,-251,-27,-6,59,-3
2475,20,-253,-26,-6,58,-4
2480,20,-257,-28,-6,59,-4
2485,17,-253,-25,-9,59,-2
2490,18,-254,-27,-9,59,-2
2495,19,-253,-22,-11,59,-1
2500,19,-253,-29,-10,57,1
2505,17,-254,-24,-9,58,2
2510,18,-256,-22,-10,58,0
2515,20,-255,-23,-11,57,1
2520,17,-255,-24,-12,57,0
2525,18,-258,-24,-12,57,1
2530,15,-257,-28,-10,58,-3
2535,19,-255,-23,-10,60,-1
2540,17,-256,-27,-11,59,-3
2545,19,-253,-24,-11,58,-1
2550,18,-256,-25,-11,58,-2
2555,17,-255,-29,-12,59,-1
2560,19,-256,-25,-12,59,-4
2565,15,-255,-25,-12,59,-3
2570,17,-254,-25,-11,58,-4
2575,19,-255,-28,-8,60,-1
2580,20,-254,-26,-6,61,-3
2585,19,-254,-27,-3,61,-2
2590,20,-252,-26,-1,60,-2
2595,18,-252,-25,-2,61,-1
2600,17,-256,-27,-3,61,-3
2605,17,-253,-29,-6,60,-1
2610,18,-254,-27,-7,60,-2
2615,16,-254,-24,-7,58,2
2620,19,-255,-26,-7,59,1
2625,19,-258,-24,-7,58,4
2630,17,-253,-24,-4,59,1
2635,16,-254,-25,-3,59,3
2640,19,-257,-24,-5,58,1
2645,18,-255,-22,-3,58,3
2650,18,-255,-19,-3,57,-1
2655,17,-255,-24,-1,57,1
2660,16,-254,-25,-1,56,-3
2665,15,-256,-24,-3,59,0
2670,17,-255,-25,-7,58,-4
2675,17,-254,-29,-10,58,-3
2680,18,-253,-24,-13,57,-6
2685,20,-255,-25,-16,58,-4
2690,14,-253,-27,-17,59,-5
2695,16,-255,-24,-15,59,-3
2700,18,-253,-22,-12,60,-5
2705,15,-255,-26,-9,63,-4
2710,17,-256,-26,-4,64,-6
2715,19,-257,-24,-2,67,-2
2720,18,-254,-29,-2,68,-4
2725,18,-257,-27,-1,69,-2
2730,21,-255,-26,-1,67,-4
2735,18,-255,-25,-2,65,0
2740,19,-253,-27,-3,62,-3
2745,18,-255,-24,-5,61,1
2750,18,-254,-25,-5,59,0
2755,17,-255,-25,-4,57,4
2760,19,-255,-27,-3,57,2
2765,19,-253,-25,-2,56,4
2770,19,-254,-27,-1,56,1
2775,18,-254,-24,-2,55,3
2780,17,-255,-22,-2,54,1
2785,18,-253,-22,-2,55,1
2790,17,-253,-21,-2,55,-2
2795,17,-254,-22,-2,55,2
2800,16,-254,-27,-3,57,-2
2805,17,-253,-21,-2,57,0
2810,18,-256,-21,-3,59,-2
2815,17,-254,-26,-2,59,0
2820,16,-255,-24,-3,60,-4
2825,17,-256,-25,-3,59,0
2830,17,-256,-23,-6,61,-3
2835,16,-251,-26,-8,63,0
2840,17,-255,-25,-10,62,-3
2845,20,-256,-22,-12,61,0
2850,17,-252,-26,-13,60,-3
2855,18,-254,-22,-15,59,-1
2860,19,-255,-27,-16,60,-2
2865,18,-256,-21,-17,59,0
2870,15,-252,-25,-18,59,-2
2875,16,-255,-25,-17,58,-1
2880,19,-257,-29,-15,58,-3
2885,15,-256,-19,-13,59,-1
2890,18,-252,-23,-14,62,-4
2895,16,-257,-25,-14,63,-1
2900,18,-254,-23,-14,62,-3
2905,18,-254,-25,-15,62,-1
2910,19,-254,-23,-15,62,-4
2915,18,-255,-26,-14,62,-1
2920,18,-254,-25,-13,61,-2
2925,18,-258,-27,-11,60,-3
2930,18,-255,-24,-9,60,-4
2935,16,-252,-22,-10,61,-3
2940,16,-254,-26,-8,59,-4
2945,19,-253,-26,-9,58,-2
2950,17,-253,-21,-11,57,-4
2955,17,-256,-24,-10,56,-3
2960,18,-251,-24,-10,57,-5
2965,18,-256,-25,-13,57,-4
2970,18,-252,-24,-14,57,-5
2975,18,-253,-25,-16,58,-4
2980,19,-251,-25,-18,56,-4
2985,17,-252,-22,-21,57,-4
2990,21,-254,-23,-22,55,-5
2995,18,-254,-24,-24,53,-3
3000,18,-255,-26,-23,53,-4
3005,18,-255,-25,-23,56,-2
3010,17,-256,-25,-23,55,-4
3015,16,-255,-24,-20,56,-3
3020,18,-256,-25,-20,57,-4
3025,16,-256,-27,-20,58,-3
3030,14,-254,-24,-20,59,-2
3035,19,-257,-23,-17,61,-2
3040,17,-257,-22,-15,61,-3
3045,18,-257,-23,-13,62,-3
3050,16,-256,-21,-13,61,-3
3055,19,-253,-26,-12,62,-2
3060,18,-253,-24,-12,61,-4
3065,20,-252,-23,-10,60,-3
3070,19,-253,-24,-11,60,-4
3075,18,-257,-22,-11,60,-3
3080,18,-254,-22,-13,58,-2
3085,18,-255,-27,-11,57,-2
3090,20,-256,-25,-13,58,-4
3095,18,-256,-20,-13,57,-4
3100,19,-252,-30,-16,57,-4
3105,16,-254,-22,-17,57,-4
3110,16,-255,-24,-19,57,-3
3115,17,-253,-23,-22,57,-4
3120,15,-255,-24,-22,57,-3
3125,19,-255,-25,-23,58,-3
3130,19,-255,-25,-23,58,-3
3135,17,-255,-21,-22,60,-5
3140,20,-256,-25,-24,62,-3
3145,18,-256,-25,-22,61,-3
3150,19,-257,-27,-23,61,-3
3155,19,-254,-22,-22,61,-3
3160,15,-251,-26,-22,62,-3
3165,18,-255,-26,-22,61,-4
3170,18,-255,-23,-21,59,-4
3175,18,-255,-26,-20,57,-6
3180,16,-254,-21,-20,55,-4
3185,19,-255,-25,-17,54,-6
3190,18,-256,-26,-14,55,-5
3195,16,-254,-23,-11,54,-5
3200,16,-254,-26,-9,55,-3
3205,15,-253,-28,-5,58,-3
3210,18,-255,-26,-5,58,-2
3215,16,-254,-27,-7,58,-2
3220,14,-253,-25,-8,56,-1
3225,18,-254,-27,-12,56,-3
3230,17,-254,-26,-15,56,1
3235,19,-254,-23,-16,55,-1
3240,18,-255,-20,-16,53,1
3245,16,-254,-27,-16,53,0
3250,17,-254,-24,-15,52,3
3255,19,-255,-22,-13,53,0
3260,17,-257,-24,-13,52,0
3265,16,-256,-25,-13,52,-1
3270,17,-255,-24,-12,53,0
3275,15,-253,-25,-13,52,-2
3280,19,-255,-22,-14,55,0
3285,18,-257,-26,-15,55,-3
3290,18,-257,-27,-17,58,-2
3295,17,-256,-24,-17,60,-5
3300,15,-254,-25,-17,62,-4
3305,15,-255,-26,-15,62,-7
3310,20,-253,-27,-14,62,-5
3315,16,-254,-22,-12,63,-7
3320,18,-252,-22,-12,63,-5
3325,14,-254,-26,-10,63,-9
3330,17,-254,-25,-9,61,-7
3335,18,-255,-27,-9,60,-9
3340,18,-254,-26,-9,59,-6
3345,17,-257,-24,-10,59,-7
3350,18,-254,-23,-10,56,-5
3355,19,-255,-26,-10,54,-5
3360,18,-255,-26,-12,53,-2
3365,19,-253,-26,-10,51,-5
3370,19,-256,-24,-9,50,-1
3375,18,-255,-25,-8,50,-3
3380,19,-255,-25,-8,50,-1
3385,21,-256,-25,-9,53,-2
3390,18,-257,-25,-11,53,0
3395,17,-255,-24,-13,54,-1
3400,15,-255,-23,-13,53,3
3405,14,-254,-22,-13,54,-1
3410,17,-255,-24,-11,56,2
3415,20,-255,-25,-9,56,0
3420,17,-255,-21,-6,56,2
3425,18,-256,-22,-5,57,0
3430,17,-255,-25,-2,59,0
3435,15,-253,-27,-2,59,-3
3440,18,-257,-22,-4,59,-2
3445,15,-253,-26,-6,58,-5
3450,18,-253,-24,-5,59,-4
3455,18,-252,-22,-7,59,-8
3460,17,-255,-24,-8,57,-5
3465,16,-255,-26,-10,59,-7
3470,18,-253,-24,-10,59,-5
3475,18,-255,-25,-11,59,-6
3480,17,-254,-21,-12,58,-4
3485,18,-254,-20,-12,60,-7
3490,20,-254,-20,-13,59,-3
3495,16,-255,-24,-12,58,-6
3500,17,-256,-25,-12,59,-3
3505,18,-255,-22,-11,60,-5
3510,18,-254,-23,-11,60,-3
3515,19,-254,-25,-10,59,-3
3520,16,-255,-23,-9,62,-2
3525,19,-253,-26,-8,62,-4
3530,18,-253,-25,-7,62,-2
3535,16,-252,-23,-7,63,-3
3540,17,-255,-24,-8,62,0
3545,20,-254,-21,-8,62,-2
3550,18,-254,-27,-6,60,-1
3555,20,-257,-23,-8,58,-4
3560,20,-254,-26,-9,55,-2
3565,18,-252,-23,-11,55,-5
3570,15,-254,-27,-11,54,-4
3575,19,-256,-24,-13,52,-5
3580,18,-254,-24,-16,51,-4
3585,19,-252,-26,-16,53,-6
3590,17,-254,-24,-16,51,-5
3595,22,-254,-24,-18,52,-8
3600,23,-256,-22,-19,51,-6
3605,17,-255,-23,-17,53,-7
3610,17,-255,-22,-18,55,-6
3615,17,-258,-22,-16,56,-7
3620,17,-253,-26,-14,58,-5
3625,18,-253,-26,-13,60,-5
3630,13,-255,-24,-12,61,-4
3635,19,-257,-25,-13,61,-4
3640,16,-253,-25,-12,62,-3
3645,14,-253,-23,-13,62,-3
3650,16,-256,-22,-13,62,-4
3655,16,-257,-24,-13,61,-5
3660,18,-255,-25,-14,62,-4
3665,18,-257,-24,-14,62,-6
3670,16,-252,-21,-14,63,-5
3675,18,-253,-26,-15,64,-5
3680,18,-253,-23,-14,62,-4
3685,17,-252,-26,-16,62,-5
3690,20,-255,-24,-16,61,-5
3695,18,-257,-26,-15,61,-5
3700,16,-254,-25,-15,60,-5
3705,18,-256,-25,-16,60,-4
3710,17,-253,-26,-17,61,-4
3715,21,-257,-25,-17,60,-4
3720,19,-253,-22,-18,60,-4
3725,17,-255,-24,-19,60,-4
3730,18,-256,-26,-18,59,-4
3735,16,-255,-24,-18,60,-5
3740,16,-256,-19,-19,60,-3
3745,16,-255,-23,-21,59,-6
3750,15,-253,-22,-20,59,-5
3755,16,-256,-23,-21,58,-6
3760,17,-254,-27,-20,60,-6
3765,20,-256,-26,-18,61,-6
3770,16,-255,-26,-17,64,-6
3775,21,-257,-27,-18,63,-6
3780,19,-254,-24,-20,63,-8
3785,19,-254,-27,-21,62,-8
3790,19,-258,-25,-21,61,-7
3795,19,-256,-23,-19,59,-6
3800,17,-253,-27,-18,59,-6
3805,21,-256,-26,-16,60,-4
3810,19,-254,-26,-12,60,-4
3815,17,-254,-26,-11,58,-3
3820,19,-255,-24,-10,60,-4
3825,19,-253,-30,-12,60,-3
3830,17,-258,-31,-14,61,-3
3835,17,-253,-26,-16,61,0
3840,14,-253,-27,-19,61,0
3845,17,-255,-22,-22,59,1
3850,17,-253,-27,-21,59,0
3855,18,-254,-24,-22,60,0
3860,18,-255,-23,-20,61,-1
3865,20,-255,-25,-22,61,0
3870,18,-255,-26,-20,61,-1
3875,18,-256,-22,-21,61,0
3880,17,-255,-27,-22,60,-3
3885,16,-255,-26,-22,59,-2
3890,20,-257,-24,-22,61,-4
3895,15,-255,-26,-23,61,-2
3900,19,-255,-23,-21,60,-3
3905,16,-253,-23,-20,62,-3
3910,18,-257,-20,-17,62,-5
3915,21,-257,-22,-15,61,-2
3920,18,-254,-25,-12,64,-6
3925,17,-255,-26,-10,65,-3
3930,20,-254,-29,-7,65,-6
3935,20,-256,-25,-8,66,-3
3940,18,-257,-21,-8,66,-5
3945,17,-252,-24,-10,64,-3
3950,18,-254,-25,-11,64,-3
3955,18,-254,-32,-12,62,-3
3960,20,-255,-24,-16,60,-4
3965,20,-253,-27,-17,60,-2
3970,21,-255,-26,-19,59,-3
3975,18,-255,-25,-19,58,0
3980,19,-254,-24,-21,58,-2
3985,18,-255,-26,-20,56,1
3990,17,-254,-24,-20,55,-1
3995,15,-252,-26,-20,56,1
4000,17,-255,-26,-21,57,-2
4005,18,-255,-25,-20,56,1
4010,16,-257,-24,-19,59,-1
4015,20,-254,-24,-18,59,1
4020,15,-253,-25,-17,58,-1
4025,21,-255,-22,-14,60,3
4030,20,-257,-24,-10,59,-2
4035,16,-252,-25,-8,60,2
4040,15,-254,-23,-5,62,0
4045,17,-256,-27,-4,63,1
4050,14,-256,-25,-3,64,-2
4055,19,-255,-24,-1,65,-1
4060,16,-254,-22,-4,65,-3
4065,18,-254,-28,-6,64,0
4070,17,-250,-24,-9,65,-3
4075,17,-253,-27,-11,65,-1
4080,16,-253,-24,-12,63,-4
4085,19,-255,-23,-12,62,-3
4090,19,-252,-25,-15,62,-6
4095,16,-253,-23,-16,62,-5
4100,16,-252,-25,-16,61,-5
4105,20,-255,-23,-18,60,-3
4110,23,-257,-29,-17,61,-5
4115,17,-255,-26,-18,63,0
4120,17,-255,-26,-18,62,-2
4125,18,-256,-26,-18,63,1
4130,19,-255,-23,-17,62,-2
4135,16,-252,-30,-16,62,1
4140,18,-254,-23,-14,64,-2
4145,14,-253,-22,-13,63,1
4150,17,-255,-24,-12,65,-2
4155,19,-255,-23,-12,63,1
4160,16,-254,-23,-11,64,-2
4165,15,-253,-26,-12,61,0
4170,19,-255,-24,-12,62,-4
4175,18,-254,-24,-13,62,-2
4180,18,-254,-25,-12,62,-4
4185,19,-255,-24,-11,61,-3
4190,18,-255,-23,-12,60,-5
4195,17,-255,-25,-13,61,-3
4200,17,-253,-24,-13,59,-4
4205,19,-254,-26,-14,60,-2
4210,19,-254,-27,-14,59,-4
4215,11,-254,-11,-16,58,-3
4220,23,-260,-25,-17,58,-4
4225,20,-254,-12,-17,59,-2
4230,8,-260,-26,-17,59,-4
4235,25,-252,-24,-15,58,0
4240,28,-253,-11,-14,58,-3
4245,20,-256,-1,-14,58,0
4250,24,-255,-30,-13,58,-2
4255,26,-257,-15,-12,60,0
4260,17,-257,-23,-12,61,-2
4265,18,-254,-24,-13,61,-1
4270,18,-255,-24,-13,61,-1
4275,18,-255,-23,-15,63,0
4280,16,-258,-31,-15,63,-2
4285,16,-252,-26,-15,62,1
4290,15,-251,-26,-14,63,0
4295,15,-254,-26,-14,61,1
4300,18,-257,-27,-14,60,1
4305,17,-256,-23,-15,60,1
4310,16,-254,-27,-14,59,0
4315,19,-256,-21,-12,59,2
4320,17,-254,-24,-12,58,0
4325,19,-255,-24,-12,59,1
4330,18,-254,-27,-12,60,-1
4335,19,-256,-29,-12,60,1
4340,18,-255,-26,-13,60,0
4345,14,-253,-27,-14,60,0
4350,19,-257,-27,-17,60,-1
4355,19,-259,-27,-14,61,-2
4360,18,-255,-23,-17,60,-2
4365,16,-256,-20,-18,60,-1
4370,17,-254,-28,-20,61,-1
4375,20,-257,-25,-19,61,-1
4380,21,-255,-22,-20,64,-2
4385,17,-255,-25,-19,64,-1
4390,18,-254,-23,-19,64,-3
4395,21,-254,-24,-19,62,-3
4400,16,-252,-30,-19,61,-5
4405,17,-256,-23,-18,62,-5
4410,19,-254,-23,-17,61,-5
4415,20,-256,-23,-15,59,-5
4420,19,-255,-26,-13,61,-4
4425,18,-256,-25,-10,60,-4
4430,19,-257,-25,-9,60,-5
4435,17,-254,-27,-10,60,-5
4440,19,-253,-25,-12,61,-5
4445,14,-253,-28,-16,60,-4
4450,21,-255,-25,-17,60,-3
4455,17,-252,-24,-19,61,-2
4460,17,-254,-25,-20,61,-2
4465,18,-255,-26,-19,60,-2
4470,18,-259,-25,-18,62,1
4475,20,-255,-25,-17,62,0
4480,17,-258,-18,-14,63,1
4485,18,-255,-23,-11,61,0
4490,16,-256,-23,-10,60,1
4495,17,-255,-22,-9,61,0
4500,17,-257,-23,-8,60,-1
4505,19,-254,-24,-9,60,-1
4510,19,-256,-23,-8,60,0
4515,16,-251,-25,-9,58,-1
4520,18,-255,-23,-11,57,0
4525,13,-254,-26,-12,57,-1
4530,15,-253,-26,-10,57,-2
4535,18,-255,-28,-11,58,-2
4540,14,-252,-25,-12,59,-1
4545,18,-254,-23,-13,61,-2
4550,18,-255,-26,-11,61,-2
4555,17,-257,-26,-11,63,-4
4560,19,-254,-27,-10,64,-4
4565,18,-252,-25,-11,64,-6
4570,17,-255,-27,-11,64,-3
4575,19,-257,-29,-12,62,-6
4580,21,-254,-24,-13,63,-5
4585,16,-255,-24,-11,64,-5
4590,21,-256,-27,-11,64,-3
4595,16,-257,-29,-10,63,-4
4600,19,-255,-28,-10,62,-2
4605,18,-253,-24,-10,60,-3
4610,19,-254,-24,-10,61,-1
4615,17,-256,-23,-12,61,-1
4620,20,-255,-20,-11,62,3
4625,19,-256,-23,-9,62,1
4630,17,-256,-24,-7,61,4
4635,18,-256,-27,0,60,2
4640,20,-260,-24,6,57,6
4645,17,-257,-29,12,54,4
4650,23,-258,-26,16,50,6
4655,22,-260,-25,17,47,3
4660,20,-258,-26,15,46,5
4665,21,-256,-27,9,48,2
4670,20,-257,-20,4,50,4
4675,20,-255,-17,1,53,3
4680,18,-257,-14,0,55,5
4685,22,-254,-12,-6,50,2
4690,21,-250,-9,-26,37,0
4695,23,-249,-18,-53,25,-6
4700,19,-241,-19,-94,10,-7
4705,23,-245,-15,-144,1,-11
4710,19,-240,-12,-204,-8,-8
4715,18,-237,-6,-271,-22,-11
4720,18,-239,-10,-350,-43,-8
4725,17,-239,-11,-444,-78,-12
4730,23,-242,-19,-565,-127,-13
4735,22,-244,-30,-669,-167,-22
4740,29,-244,-37,-766,-201,-29
4745,31,-245,-37,-851,-226,-39
4750,30,-248,-45,-916,-242,-50
4755,27,-243,-51,-962,-253,-64
4760,30,-244,-52,-985,-254,-70
4765,27,-240,-56,-987,-249,-75
4770,23,-232,-52,-980,-240,-71
4775,18,-225,-56,-969,-228,-65
4780,13,-222,-55,-955,-210,-43
4785,11,-220,-56,-938,-191,-27
4790,11,-218,-56,-919,-174,-4
4795,7,-219,-56,-909,-156,12
4800,5,-227,-55,-908,-140,26
4805,7,-232,-55,-901,-119,32
4810,7,-240,-59,-882,-99,39
4815,2,-249,-55,-845,-81,38
4820,4,-257,-56,-793,-67,39
4825,4,-262,-55,-726,-59,31
4830,3,-265,-53,-633,-55,26
4835,-3,-263,-50,-554,-54,15
4840,-1,-265,-51,-483,-55,13
4845,0,-263,-51,-424,-58,9
4850,-5,-260,-51,-381,-60,9
4855,-6,-261,-52,-349,-65,5
4860,-5,-260,-48,-325,-71,7
4865,-10,-256,-53,-313,-78,5
4870,-8,-252,-54,-307,-84,8
4875,-7,-250,-54,-309,-90,7
4880,-5,-250,-55,-315,-97,10
4885,-3,-248,-57,-320,-98,10
4890,-1,-246,-53,-323,-98,13
4895,6,-248,-55,-325,-98,13
4900,8,-245,-54,-327,-100,16
4905,12,-251,-53,-324,-99,16
4910,15,-248,-53,-321,-95,18
4915,17,-249,-56,-316,-89,15
4920,16,-251,-56,-314,-83,12
4925,20,-251,-56,-312,-72,8
4930,25,-253,-58,-311,-55,9
4935,26,-254,-52,-313,-40,9
4940,27,-252,-54,-315,-22,9
4945,29,-258,-51,-322,-4,5
4950,29,-259,-50,-329,12,4
4955,33,-259,-47,-334,27,-2
4960,34,-261,-48,-339,42,-6
4965,35,-261,-46,-347,56,-11
4970,37,-260,-48,-364,72,-14
4975,38,-260,-48,-386,86,-15
4980,37,-260,-49,-421,96,-11
4985,38,-263,-49,-457,104,-8
4990,39,-264,-50,-500,107,-4
4995,40,-265,-48,-541,109,-5
5000,39,-271,-46,-582,108,-4
5005,35,-268,-50,-623,104,-11
5010,35,-267,-48,-667,94,-16
5015,32,-264,-50,-714,81,-24
5020,27,-260,-54,-764,66,-31
5025,23,-255,-56,-820,46,-42
5030,23,-254,-57,-899,32,-48
5035,16,-245,-62,-970,19,-52
5040,11,-240,-66,-1041,11,-53
5045,9,-235,-65,-1111,4,-53
5050,7,-229,-60,-1181,-6,-47
5055,8,-228,-64,-1249,-22,-38
5060,8,-227,-63,-1312,-44,-28
5065,10,-231,-59,-1371,-70,-17
5070,14,-235,-60,-1433,-94,-9
5075,17,-240,-67,-1501,-108,0
5080,22,-248,-76,-1601,-104,10
5085,29,-258,-83,-1694,-79,20
5090,33,-271,-88,-1795,-39,31
5095,37,-291,-92,-1888,18,36
5100,33,-311,-96,-1964,78,35
5105,30,-324,-90,-2004,133,28
5110,29,-347,-94,-1998,169,17
5115,28,-365,-99,-1951,187,-1
5120,26,-378,-110,-1861,193,-24
5125,22,-382,-133,-1738,197,-52
5130,25,-382,-150,-1570,200,-73
5135,23,-377,-176,-1432,207,-87
5140,21,-373,-188,-1314,214,-90
5145,20,-365,-194,-1216,221,-84
5150,19,-361,-195,-1131,228,-71
5155,18,-360,-187,-1051,234,-53
5160,18,-354,-178,-973,233,-37
5165,21,-346,-167,-888,224,-26
5170,20,-339,-154,-799,206,-21
5175,20,-327,-150,-709,173,-19
5180,16,-320,-148,-609,136,-19
5185,15,-301,-150,-542,92,-23
5190,15,-287,-147,-491,45,-22
5195,12,-271,-141,-465,1,-19
5200,16,-256,-152,-464,-35,-14
5205,15,-252,-155,-480,-66,-7
5210,17,-249,-149,-498,-86,-2
5215,16,-240,-151,-514,-97,10
5220,19,-245,-150,-530,-99,20
5225,19,-242,-154,-537,-88,26
5230,19,-242,-153,-529,-74,29
5235,19,-239,-158,-512,-54,32
5240,18,-242,-161,-486,-29,30
5245,15,-240,-157,-457,-1,35
5250,16,-243,-157,-423,30,34
5255,14,-247,-165,-389,62,37
5260,12,-244,-168,-352,95,40
5265,15,-244,-169,-314,129,47
5270,16,-245,-169,-274,162,51
5275,18,-242,-169,-219,201,56
5280,22,-241,-160,-170,229,56
5285,18,-234,-162,-119,251,56
5290,25,-229,-162,-67,268,49
5295,30,-226,-159,-20,279,43
5300,31,-218,-156,20,287,27
5305,32,-205,-152,52,290,13
5310,34,-197,-155,78,285,-7
5315,31,-187,-152,101,277,-20
5320,28,-176,-147,125,268,-42
5325,25,-160,-155,149,254,-50
5330,22,-149,-149,164,246,-56
5335,23,-139,-151,175,238,-53
5340,18,-130,-146,171,237,-50
5345,17,-122,-147,151,234,-36
5350,12,-114,-144,119,228,-25
5355,10,-113,-145,74,219,-10
5360,11,-113,-148,22,206,-2
5365,16,-114,-150,-38,192,8
5370,14,-119,-155,-108,182,5
5375,13,-121,-161,-204,177,2
5380,11,-127,-168,-287,177,-9
5385,11,-134,-171,-371,180,-15
5390,11,-145,-180,-450,188,-23
5395,5,-153,-182,-516,203,-22
5400,7,-166,-187,-569,222,-24
5405,4,-176,-185,-606,239,-21
5410,9,-189,-183,-619,253,-22
5415,11,-199,-185,-606,260,-19
5420,12,-206,-183,-572,262,-17
5425,14,-215,-186,-507,264,-11
5430,17,-218,-183,-442,268,-7
5435,20,-220,-191,-374,278,3
5440,25,-221,-189,-303,292,6
5445,26,-226,-185,-230,307,12
5450,25,-221,-177,-158,319,12
5455,27,-219,-170,-84,324,15
5460,27,-215,-169,-9,319,10
5465,30,-209,-159,65,308,9
5470,30,-202,-153,139,287,-1
5475,27,-194,-147,220,265,-5
5480,26,-183,-144,273,236,-16
5485,27,-179,-144,314,208,-22
5490,28,-169,-144,340,180,-30
5495,25,-162,-145,349,156,-34
5500,23,-156,-139,342,134,-39
5505,19,-153,-140,326,113,-39
5510,21,-150,-137,306,91,-40
5515,17,-151,-136,286,72,-34
5520,20,-149,-133,263,55,-32
5525,20,-146,-136,252,45,-23
5530,17,-144,-135,246,42,-19
5535,19,-146,-137,240,43,-12
5540,19,-143,-138,234,46,-11
5545,20,-144,-145,224,49,-5
5550,22,-147,-141,210,48,-4
5555,19,-147,-138,197,50,0
5560,17,-146,-139,186,48,1
5565,18,-148,-136,179,46,5
5570,17,-149,-133,177,40,2
5575,16,-148,-123,181,34,3
5580,16,-151,-119,193,24,-4
5585,15,-151,-122,205,9,-7
5590,18,-154,-122,222,-6,-16
5595,16,-148,-123,235,-20,-23
5600,16,-149,-129,239,-30,-35
5605,18,-148,-135,230,-34,-42
5610,17,-147,-137,211,-32,-54
5615,17,-149,-144,186,-26,-61
5620,17,-149,-144,152,-26,-69
5625,21,-147,-148,130,-32,-75
5630,22,-148,-148,106,-45,-84
5635,18,-150,-153,82,-68,-88
5640,17,-155,-154,58,-93,-93
5645,17,-163,-157,32,-122,-93
5650,17,-165,-161,8,-147,-91
5655,21,-170,-165,-13,-163,-88
5660,20,-175,-170,-27,-170,-83
5665,23,-175,-166,-40,-167,-72
5670,23,-173,-163,-45,-150,-63
5675,23,-176,-160,-43,-132,-51
5680,21,-177,-156,-35,-116,-39
5685,22,-177,-148,-21,-102,-22
5690,21,-174,-145,1,-90,-8
5695,24,-173,-130,32,-81,6
5700,20,-172,-127,73,-75,19
5705,20,-170,-120,125,-76,32
5710,19,-168,-117,188,-83,42
5715,21,-172,-119,257,-96,53
5720,20,-167,-119,336,-108,56
5725,25,-166,-126,390,-119,60
5730,27,-161,-132,424,-125,59
5735,28,-153,-143,440,-123,56
5740,33,-152,-145,440,-115,50
5745,31,-148,-146,428,-99,41
5750,34,-147,-148,404,-79,33
5755,30,-144,-150,367,-53,26
5760,29,-144,-148,326,-26,20
5765,28,-142,-145,277,3,12
5770,23,-144,-140,221,25,10
5775,19,-146,-137,183,39,10
5780,13,-150,-132,156,46,12
5785,10,-153,-130,141,42,17
5790,8,-153,-128,134,32,26
5795,4,-157,-136,134,15,34
5800,5,-162,-145,131,1,45
5805,3,-166,-150,130,-12,52
5810,5,-166,-159,126,-16,63
5815,7,-166,-164,118,-14,71
5820,9,-168,-170,109,-1,78
5825,8,-172,-176,102,24,86
5830,11,-171,-174,94,58,94
5835,10,-163,-169,90,99,104
5840,12,-165,-156,89,135,116
5845,9,-163,-148,96,164,129
5850,12,-165,-137,113,185,144
5855,7,-166,-121,140,194,156
5860,9,-167,-111,178,191,172
5865,3,-168,-103,231,169,184
5870,6,-169,-104,307,138,194
5875,5,-170,-105,380,108,198
5880,5,-172,-106,451,80,199
5885,6,-167,-115,516,62,194
5890,6,-163,-123,566,47,188
5895,7,-161,-127,591,38,176
5900,9,-158,-131,592,32,164
5905,11,-154,-138,568,27,143
5910,11,-149,-142,521,30,124
5915,7,-147,-142,461,38,93
5920,5,-147,-134,386,46,70
5925,2,-149,-125,328,55,49
5930,-3,-152,-120,285,62,34
5935,-5,-154,-112,258,68,24
5940,-9,-159,-111,248,69,22
5945,-10,-168,-109,259,70,21
5950,-11,-179,-115,290,68,29
5955,-8,-187,-116,335,65,36
5960,-3,-192,-118,392,68,53
5965,-2,-197,-121,468,74,64
5970,-2,-202,-124,539,83,76
5975,4,-206,-124,614,96,83
5980,11,-213,-126,691,114,91
5985,22,-221,-130,764,137,93
5990,26,-220,-130,833,165,97
5995,36,-223,-125,896,196,92
6000,38,-228,-125,960,222,88
6005,38,-233,-116,1022,237,75
6010,40,-234,-101,1097,230,58
6015,40,-234,-94,1212,192,37
6020,33,-235,-76,1325,137,18
6025,30,-238,-59,1447,72,-3
6030,28,-234,-56,1575,8,-13
6035,22,-239,-47,1695,-42,-16
6040,15,-252,-29,1813,-70,-2
6045,-6,-297,28,1944,-84,19
6050,-27,-361,107,2140,-117,59
6055,-44,-485,235,2493,-219,109
6060,-28,-593,239,3062,-444,162
6065,-46,-664,207,3876,-820,167
6070,-64,-748,207,4521,-1115,247
6075,-61,-860,213,5002,-1424,374
6080,-63,-886,110,5315,-1772,418
6085,-23,-792,-263,5292,-2111,343
6090,18,-767,-548,4783,-2240,219
6095,146,-741,-840,3861,-1977,251
6100,281,-644,-941,2688,-1249,289
6105,161,-586,-644,1351,59,374
6110,109,-560,-253,182,1273,501
6115,73,-585,-13,-844,1848,372
6120,67,-620,84,-1092,1711,114
6125,53,-635,125,-910,1351,-215
6130,48,-618,126,-374,961,-547
6135,33,-563,137,465,648,-845
6140,10,-471,127,1531,428,-1025
6145,-12,-359,99,2549,273,-1074
6150,-27,-229,31,3299,116,-1026
6155,-34,-78,-49,3665,1,-938
6160,-50,75,-87,3603,17,-815
6165,-68,183,-74,3132,213,-698
6170,-94,274,-27,2557,419,-550
6175,-76,412,26,1864,568,-376
6180,-132,443,32,1065,634,-186
6185,-107,413,33,138,601,-13
6190,-64,320,4,-912,459,109
6195,-27,187,-31,-2002,252,122
6200,-9,40,-47,-2961,47,53
6205,1,-74,-47,-3626,-133,-33
6210,3,-225,-28,-3917,-272,-93
6215,1,-366,-12,-3735,-381,-79
6220,13,-464,-2,-3215,-391,-9
6225,23,-522,17,-2489,-345,72
6230,37,-555,34,-1689,-274,132
6235,45,-556,34,-911,-211,147
6240,49,-546,33,-179,-171,135
6245,49,-517,27,515,-138,105
6250,50,-470,23,1152,-98,81
6255,47,-414,17,1697,-49,57
6260,41,-355,11,2086,-4,31
6265,25,-297,4,2301,32,2
6270,18,-256,-1,2269,43,-20
6275,11,-234,-4,2093,45,-41
6280,14,-228,-6,1855,46,-51
6285,24,-231,-13,1627,50,-45
6290,31,-234,-14,1449,56,-30
6295,36,-243,-24,1306,64,-30
6300,34,-241,-17,1179,70,-44
6305,31,-237,-9,1059,69,-66
6310,27,-237,7,958,58,-85
6315,27,-237,11,873,39,-98
6320,19,-229,24,833,19,-101
6325,21,-231,31,817,-3,-102
6330,24,-227,27,819,-25,-94
6335,25,-223,25,819,-43,-86
6340,32,-218,23,809,-55,-76
6345,33,-214,15,776,-55,-73
6350,38,-212,14,721,-46,-70
6355,40,-207,15,649,-28,-74
6360,41,-209,14,556,4,-78
6365,43,-202,14,414,28,-82
6370,42,-201,21,280,49,-81
6375,40,-202,22,145,63,-81
6380,37,-205,20,24,71,-75
6385,39,-212,18,-68,73,-72
6390,41,-224,16,-134,73,-65
6395,38,-231,15,-173,73,-53
6400,39,-240,16,-193,76,-39
6405,33,-248,12,-194,81,-24
6410,35,-259,13,-184,84,-15
6415,33,-265,14,-154,83,-16
6420,29,-270,13,-116,78,-21
6425,26,-273,14,-65,77,-32
6430,24,-269,11,-9,83,-41
6435,20,-267,13,50,90,-52
6440,21,-263,14,108,103,-61
6445,18,-262,11,166,119,-67
6450,18,-253,18,218,134,-70
6455,15,-248,16,265,153,-67
6460,16,-246,18,300,172,-59
6465,11,-241,20,322,185,-48
6470,12,-236,19,330,197,-36
6475,11,-237,22,328,206,-27
6480,12,-237,28,320,209,-21
6485,11,-237,36,311,209,-14
6490,3,-232,27,292,204,-10
6495,13,-232,24,266,195,-3
6500,6,-241,37,237,183,-1
6505,15,-225,34,205,169,1
6510,26,-235,38,173,150,-3
6515,9,-244,43,131,134,-6
6520,12,-256,41,98,118,-7
6525,8,-246,29,70,106,-4
6530,9,-244,21,47,97,-3
6535,27,-259,26,26,89,-2
6540,23,-248,19,6,80,0
6545,27,-248,24,-16,73,3
6550,25,-249,21,-43,69,4
6555,27,-248,17,-73,68,7
6560,31,-253,19,-95,67,9
6565,28,-250,16,-110,72,11
6570,29,-253,14,-118,71,14
6575,27,-252,13,-121,71,17
6580,27,-250,11,-122,66,18
6585,24,-249,11,-122,63,18
6590,23,-245,15,-122,61,16
6595,19,-245,11,-124,59,15
6600,17,-244,17,-123,58,12
6605,19,-242,12,-126,63,11
6610,14,-242,13,-131,70,11
6615,16,-246,10,-139,77,11
6620,13,-248,9,-144,83,9
6625,13,-247,10,-142,89,10
6630,14,-253,8,-133,94,8
6635,17,-251,3,-114,97,13
6640,15,-253,8,-96,100,15
6645,16,-253,8,-77,103,22
6650,17,-252,9,-58,105,23
6655,14,-253,9,-47,103,28
6660,18,-254,10,-40,96,27
6665,16,-255,10,-40,92,28
6670,19,-255,12,-41,89,27
6675,18,-258,14,-41,89,30
6680,19,-257,13,-40,89,30
6685,19,-258,15,-41,89,31
6690,18,-260,18,-34,90,30
6695,18,-259,15,-26,92,31
6700,17,-258,21,-19,94,27
6705,16,-255,18,-10,97,27
6710,15,-254,19,-2,104,24
6715,14,-253,17,4,110,24
6720,14,-248,18,5,113,21
6725,17,-250,19,6,118,22
6730,19,-249,16,9,118,17
6735,18,-246,13,5,118,17
6740,17,-245,18,3,118,14
6745,20,-247,17,-1,118,16
6750,16,-245,15,-6,116,11
6755,19,-246,20,-9,114,15
6760,21,-250,17,-9,110,13
6765,19,-252,21,-8,102,14
6770,23,-251,19,-7,93,13
6775,19,-247,23,-8,85,14
6780,21,-250,25,-9,80,12
6785,20,-249,21,-7,78,15
6790,21,-249,19,-2,77,12
6795,22,-252,19,2,78,15
6800,19,-252,16,1,82,12
6805,20,-253,20,-1,90,18
6810,21,-254,20,-2,103,19
6815,23,-254,13,1,117,27
6820,24,-255,16,9,134,28
6825,24,-256,16,19,147,35
6830,23,-256,13,28,157,33
6835,25,-253,11,35,160,35
6840,26,-253,10,35,163,28
6845,23,-249,12,27,165,28
6850,21,-251,14,16,170,24
6855,24,-251,12,1,174,26
6860,25,-255,15,-12,171,24
6865,22,-254,11,-24,163,21
6870,16,-254,12,-29,151,10
6875,16,-255,11,-36,132,4
6880,15,-257,13,-42,114,-4
6885,12,-255,12,-44,96,-8
6890,12,-259,11,-46,82,-15
6895,9,-260,11,-46,70,-16
6900,7,-260,12,-37,59,-19
6905,7,-260,18,-22,49,-16
6910,9,-262,18,-1,38,-19
6915,10,-261,18,27,32,-16
6920,14,-261,15,49,30,-17
6925,13,-259,20,68,32,-12
6930,17,-260,19,86,37,-12
6935,19,-259,19,99,45,-6
6940,21,-257,17,107,52,-5
6945,20,-259,16,112,56,1
6950,25,-254,15,109,57,2
6955,23,-255,11,105,57,7
6960,24,-257,12,93,53,9
6965,23,-252,9,76,47,14
6970,24,-252,9,57,42,12
6975,24,-251,9,32,39,13
6980,22,-249,5,6,34,10
6985,20,-246,5,-18,32,10
6990,21,-247,5,-40,34,6
6995,23,-247,4,-57,35,7
7000,21,-247,4,-70,40,5
7005,21,-248,7,-80,44,7
7010,22,-248,7,-86,47,7
7015,22,-250,7,-86,54,11
7020,22,-252,8,-82,60,11
7025,21,-253,8,-72,68,15
7030,25,-255,8,-58,76,16
7035,25,-257,8,-44,85,22
7040,22,-254,9,-31,94,21
7045,22,-254,10,-16,104,24
7050,25,-255,10,-3,112,25
7055,24,-253,13,4,118,26
7060,22,-253,13,11,122,25
7065,22,-254,11,11,122,24
7070,21,-251,11,7,120,20
7075,18,-250,12,-1,115,19
7080,17,-254,14,-11,112,16
7085,17,-251,10,-21,106,16
7090,17,-254,13,-31,104,17
7095,14,-254,17,-38,105,18
7100,15,-253,17,-41,105,18
7105,13,-257,17,-41,106,20
7110,13,-255,21,-40,107,19
7115,12,-253,18,-38,107,21
7120,14,-256,23,-35,107,20
7125,9,-254,17,-32,107,20
7130,14,-257,18,-30,106,17
7135,18,-256,17,-28,105,15
7140,14,-254,20,-26,103,13
7145,11,-253,17,-25,100,11
7150,15,-252,14,-25,98,10
7155,15,-253,13,-30,95,9
7160,14,-251,10,-35,94,8
7165,14,-252,16,-42,91,9
7170,18,-253,10,-47,88,10
7175,15,-253,9,-51,87,10
7180,17,-251,9,-54,87,10
7185,19,-254,12,-57,87,9
7190,15,-251,10,-57,89,8
7195,15,-251,16,-56,88,6
7200,15,-251,11,-55,87,5
7205,16,-253,11,-56,86,2
7210,16,-253,10,-58,84,1
7215,17,-254,15,-60,82,3
7220,17,-256,18,-58,78,2
7225,17,-254,15,-56,76,2
7230,16,-253,15,-52,72,3
7235,17,-253,16,-48,71,3
7240,16,-252,13,-49,68,3
7245,19,-254,17,-49,68,2
7250,17,-254,14,-49,69,3
7255,18,-253,15,-49,70,2
7260,17,-251,11,-49,72,4
7265,15,-250,9,-51,75,3
7270,18,-249,9,-54,80,2
7275,16,-253,11,-58,83,4
7280,16,-253,10,-59,87,4
7285,18,-256,8,-59,92,3
7290,16,-255,10,-56,96,4
7295,14,-256,9,-52,101,2
7300,17,-257,9,-45,105,3
7305,14,-252,11,-38,107,1
7310,15,-254,11,-31,108,3
7315,13,-255,10,-23,106,-1
7320,15,-255,11,-17,103,-1
7325,11,-255,15,-11,101,-4
7330,13,-254,11,-6,98,-3
7335,15,-252,12,-6,94,-5
7340,12,-252,13,-8,90,-4
7345,12,-252,15,-11,86,-4
7350,12,-253,14,-16,82,-1
7355,16,-251,16,-22,78,-4
7360,15,-253,17,-27,74,-2
7365,19,-255,12,-33,74,-3
7370,18,-251,14,-46,75,-1
7375,19,-250,9,-54,77,-3
7380,19,-250,10,-64,81,0
7385,18,-252,11,-70,82,-2
7390,17,-253,10,-74,86,2
7395,21,-255,12,-75,87,2
7400,16,-252,11,-74,87,5
7405,17,-255,8,-69,87,5
7410,19,-254,9,-64,83,9
7415,15,-257,9,-57,78,8
7420,16,-258,11,-50,74,12
7425,18,-256,9,-42,69,13
7430,18,-253,8,-35,65,17
7435,19,-254,9,-29,62,18
7440,19,-257,9,-22,58,23
7445,23,-258,10,-19,56,21
7450,18,-255,9,-19,53,24
7455,17,-255,9,-19,50,22
7460,16,-256,12,-17,49,23
7465,17,-257,13,-16,48,20
7470,17,-258,12,-13,49,22
7475,16,-258,12,-11,50,21
7480,11,-255,14,-11,52,25
7485,12,-255,12,-11,54,23
7490,12,-257,11,-7,58,27
7495,11,-256,13,-1,61,26
7500,9,-256,13,3,66,29
7505,14,-256,12,8,71,27
7510,14,-254,11,9,76,31
7515,13,-253,9,7,81,27
7520,12,-254,8,-1,84,27
7525,14,-255,5,-4,85,21
7530,15,-252,12,-9,86,20
7535,14,-250,8,-10,89,15
7540,12,-250,10,-11,90,12
7545,14,-249,10,-13,92,6
7550,13,-249,10,-16,93,4
7555,14,-247,13,-22,95,-3
7560,15,-248,9,-29,97,-6
7565,13,-247,9,-35,97,-11
7570,14,-247,10,-46,99,-13
7575,15,-247,10,-53,98,-18
7580,14,-250,12,-60,95,-17
7585,16,-251,9,-66,90,-22
7590,14,-249,11,-72,85,-21
7595,15,-250,9,-75,80,-25
7600,15,-252,10,-79,80,-23
7605,17,-249,10,-82,79,-24
7610,20,-254,8,-84,78,-22
7615,16,-253,9,-85,78,-22
7620,17,-256,8,-84,80,-18
7625,13,-254,8,-84,84,-16
7630,17,-257,9,-83,89,-10
7635,16,-258,8,-81,92,-8
7640,17,-259,8,-79,96,1
7645,15,-258,10,-72,98,2
7650,19,-261,10,-63,101,8
7655,17,-262,10,-53,100,8
7660,17,-260,10,-40,100,12
7665,18,-260,10,-28,101,13
7670,14,-258,14,-14,99,16
7675,16,-260,16,-4,99,15
7680,17,-257,16,4,100,17
7685,16,-257,15,11,99,14
7690,17,-257,13,16,99,17
7695,19,-256,12,15,99,14
7700,18,-254,12,13,98,16
7705,17,-254,13,10,95,14
7710,18,-253,14,9,92,13
7715,18,-256,12,5,89,9
7720,18,-253,10,0,84,6
7725,16,-252,13,-6,81,2
7730,14,-252,11,-9,78,2
7735,13,-251,16,-12,74,1
7740,13,-251,11,-14,72,1
7745,13,-250,10,-15,69,1
7750,10,-248,10,-19,66,5
7755,14,-247,13,-25,63,5
7760,15,-247,9,-32,62,6
7765,15,-247,8,-42,58,7
7770,14,-249,6,-56,54,12
7775,17,-249,6,-69,53,12
7780,12,-247,8,-80,51,17
7785,14,-252,7,-87,51,18
7790,13,-252,8,-90,52,21
7795,17,-253,7,-92,51,22
7800,10,-254,8,-89,51,23
7805,14,-255,6,-84,52,19
7810,13,-257,8,-77,53,18
7815,9,-259,4,-68,51,16
7820,11,-256,6,-57,50,16
7825,9,-258,7,-43,51,11
7830,11,-261,7,-34,50,12
7835,9,-259,4,-26,52,12
7840,8,-254,0,-17,54,12
7845,10,-255,1,-12,56,13
7850,6,-253,-2,-11,57,12
7855,12,-253,-4,-15,55,11
7860,14,-255,0,-22,46,6
7865,14,-252,1,-32,40,1
7870,13,-253,-2,-43,32,-4
7875,13,-255,0,-51,29,-7
7880,12,-249,4,-55,28,-8
7885,14,-255,5,-58,27,-8
7890,14,-254,6,-63,31,-6
7895,14,-254,8,-67,35,-5
7900,18,-255,9,-72,40,-2
7905,16,-257,13,-71,47,1
7910,17,-257,13,-65,53,1
7915,15,-256,9,-55,58,5
7920,13,-256,13,-41,67,6
7925,13,-258,12,-22,74,7
7930,19,-259,13,-6,82,9
7935,17,-255,19,8,85,11
7940,15,-257,14,19,87,10
7945,11,-255,15,29,85,11
7950,12,-253,12,35,84,9
7955,13,-255,16,37,81,9
7960,10,-250,13,37,75,5
7965,16,-253,10,30,73,6
7970,13,-253,11,22,72,1
7975,13,-253,15,13,70,0
7980,12,-255,14,5,67,-2
7985,13,-251,11,1,66,-4
7990,11,-252,15,-7,63,-8
7995,14,-254,9,-16,62,-10
8000,13,-254,8,-24,59,-13
8005,15,-251,11,-34,58,-15
8010,14,-252,10,-44,56,-18
8015,13,-251,8,-53,57,-17
8020,13,-251,7,-61,59,-17
8025,16,-254,8,-69,60,-15
8030,15,-253,6,-73,61,-14
8035,16,-252,8,-74,64,-11
8040,16,-256,8,-69,63,-8
8045,17,-255,8,-61,63,-5
8050,15,-256,6,-52,62,-5
8055,16,-254,6,-43,63,-4
8060,18,-256,5,-36,61,-4
8065,18,-254,6,-34,60,-2
8070,16,-254,0,-34,59,-2
8075,15,-254,-1,-39,58,1
8080,18,-254,1,-41,58,2
8085,18,-259,2,-44,56,4
8090,17,-256,3,-45,55,4
8095,17,-256,2,-43,53,8
8100,14,-259,6,-38,52,6
8105,16,-257,10,-31,51,8
8110,10,-255,8,-23,53,5
8115,16,-258,6,-15,52,6
8120,18,-259,8,-9,52,1
8125,15,-258,10,-3,53,2
8130,16,-258,11,1,56,-1
8135,15,-257,12,2,57,0
8140,15,-258,10,6,60,-4
8145,14,-257,7,8,61,-3
8150,15,-254,11,9,65,-5
8155,15,-253,7,10,67,-4
8160,15,-255,7,8,66,-7
8165,14,-254,9,9,67,-5
8170,14,-253,8,11,69,-7
8175,15,-252,13,12,70,-7
8180,13,-254,10,13,70,-9
8185,16,-253,9,14,68,-6
8190,13,-251,10,16,68,-9
8195,14,-255,9,19,65,-6
8200,14,-254,11,20,65,-7
8205,13,-251,9,20,63,-4
8210,14,-252,8,17,61,-5
8215,15,-255,9,14,61,-2
8220,16,-253,8,10,59,-3
8225,15,-252,7,5,59,0
8230,15,-252,8,2,59,-2
8235,14,-252,7,-3,58,0
8240,17,-253,8,-6,57,-1
8245,15,-251,10,-8,56,1
8250,14,-253,10,-11,55,-3
8255,13,-253,8,-15,54,0
8260,16,-254,6,-15,52,-3
8265,14,-253,3,-16,52,-1
8270,14,-255,9,-18,54,-4
8275,15,-254,9,-19,55,0
8280,13,-254,11,-18,55,-1
8285,14,-255,8,-18,56,1
8290,13,-256,8,-18,57,-1
8295,14,-254,9,-16,58,4
8300,14,-254,9,-12,59,2
8305,13,-252,7,-11,58,4
8310,14,-252,8,-9,58,1
8315,13,-256,6,-7,57,4
8320,16,-255,9,-6,55,1
8325,17,-255,8,-4,54,3
8330,18,-256,8,-4,54,0
8335,16,-253,8,-2,56,2
8340,16,-258,7,0,57,-2
8345,13,-256,9,0,58,-2
8350,14,-255,10,2,58,-6
8355,14,-257,8,3,56,-5
8360,11,-256,8,4,55,-9
8365,13,-254,8,3,56,-7
8370,14,-255,10,4,56,-9
8375,15,-254,11,4,58,-7
8380,15,-258,8,7,57,-9
8385,17,-253,8,10,58,-8
8390,13,-255,9,13,58,-10
8395,14,-254,15,16,57,-9
8400,14,-254,11,16,58,-11
8405,14,-253,8,15,58,-11
8410,15,-253,13,14,58,-13
8415,15,-255,11,12,58,-11
8420,14,-255,9,10,58,-12
8425,14,-251,8,13,59,-11
8430,15,-252,11,14,62,-12
8435,13,-253,10,11,61,-9
8440,14,-252,8,10,64,-12
8445,12,-252,9,3,65,-9
8450,15,-251,9,-5,66,-11
8455,13,-250,13,-11,66,-9
8460,14,-254,9,-17,67,-9
8465,17,-254,9,-25,67,-7
8470,14,-249,12,-30,68,-8
8475,16,-254,9,-32,68,-7
8480,14,-255,9,-33,66,-8
8485,11,-253,11,-32,65,-7
8490,13,-252,11,-32,64,-8
8495,14,-253,10,-33,64,-7
8500,15,-254,9,-33,62,-9
8505,15,-255,12,-32,61,-7
8510,15,-255,10,-34,60,-10
8515,13,-252,8,-33,58,-8
8520,17,-255,9,-34,57,-10
8525,16,-253,9,-36,57,-8
8530,16,-251,6,-38,57,-11
8535,16,-252,8,-36,58,-8
8540,17,-252,8,-38,59,-9
8545,12,-252,8,-38,60,-9
8550,20,-257,7,-38,60,-8
8555,15,-253,9,-36,62,-9
8560,17,-255,8,-36,63,-8
8565,16,-253,8,-33,63,-6
8570,15,-254,8,-32,64,-7
8575,15,-255,9,-31,66,-5
8580,12,-255,8,-31,69,-7
8585,14,-255,7,-30,69,-8
8590,14,-254,8,-29,68,-8
8595,15,-255,9,-28,68,-8
8600,10,-252,7,-29,67,-9
8605,13,-253,9,-29,65,-9
8610,13,-252,8,-31,63,-9
8615,13,-253,10,-33,64,-10
8620,12,-256,11,-37,66,-11
8625,15,-253,8,-40,65,-11
8630,16,-255,9,-40,65,-12
8635,16,-256,9,-39,64,-11
8640,17,-254,7,-38,64,-10
8645,18,-257,9,-35,63,-9
8650,17,-256,9,-31,61,-8
8655,14,-255,9,-29,63,-9
8660,16,-251,8,-30,63,-7
8665,16,-252,7,-35,65,-6
8670,14,-253,7,-42,67,-6
8675,16,-254,8,-46,68,-5
8680,16,-253,2,-50,67,-3
8685,17,-252,9,-51,65,-2
8690,17,-253,11,-51,66,-2
8695,14,-255,8,-51,66,-3
8700,13,-253,8,-52,66,-2
8705,13,-255,11,-50,65,-2
8710,16,-255,10,-50,65,-1
8715,14,-255,9,-46,65,-3
8720,19,-246,8,-45,64,-4
8725,15,-244,8,-43,64,-6
8730,13,-253,15,-44,62,-7
8735,21,-257,32,-45,61,-8
8740,21,-248,-2,-49,62,-10
8745,10,-254,16,-50,60,-13
8750,16,-256,23,-52,60,-11
8755,22,-260,8,-54,61,-13
8760,15,-254,14,-57,63,-11
8765,16,-259,-2,-59,65,-11
8770,16,-253,7,-60,65,-10
8775,12,-251,8,-60,65,-10
8780,15,-255,7,-60,65,-9
8785,15,-252,8,-59,65,-10
8790,15,-253,8,-59,64,-6
8795,17,-254,7,-60,63,-8
8800,15,-253,5,-59,62,-4
8805,17,-255,5,-58,61,-5
8810,18,-254,8,-57,58,-2
8815,15,-254,8,-56,55,-2
8820,14,-254,8,-55,54,-1
8825,18,-255,3,-53,54,-2
8830,16,-255,8,-53,54,0
8835,18,-255,8,-53,55,0
8840,17,-257,7,-53,56,2
8845,16,-255,7,-50,56,1
8850,15,-256,7,-50,58,2
8855,17,-254,2,-48,61,0
8860,17,-257,7,-47,64,2
8865,15,-255,8,-46,64,0
8870,15,-256,8,-44,65,1
8875,14,-255,5,-44,67,-1
8880,11,-253,6,-44,68,1
8885,16,-255,7,-45,69,-1
8890,15,-256,8,-44,68,2
8895,13,-256,9,-42,68,1
8900,17,-255,8,-42,68,3
8905,14,-254,7,-41,68,0
8910,14,-252,6,-43,67,3
8915,16,-252,9,-45,67,0
8920,16,-254,12,-45,66,3
8925,15,-254,5,-47,63,0
8930,13,-250,8,-48,61,2
8935,14,-254,8,-51,60,-1
8940,17,-254,10,-53,57,0
8945,18,-253,8,-57,58,-2
8950,16,-256,8,-58,58,0
8955,13,-254,7,-59,56,-3
8960,14,-257,7,-59,57,-1
8965,14,-256,6,-59,58,-3
8970,17,-254,6,-59,58,0
8975,19,-255,8,-59,58,0
8980,13,-256,6,-60,57,2
8985,15,-257,5,-59,57,0
8990,16,-253,8,-57,57,5
8995,12,-256,5,-56,57,2
9000,13,-258,3,-53,55,5
9005,16,-257,3,-50,54,2
9010,15,-253,7,-48,53,4
9015,15,-257,5,-46,55,2
9020,15,-257,7,-43,57,4
9025,13,-257,5,-40,57,1
9030,15,-255,7,-37,59,2
9035,16,-257,7,-35,60,0
9040,14,-252,6,-33,60,3
9045,13,-254,5,-33,59,-1
9050,18,-257,6,-33,59,0
9055,15,-255,6,-34,57,-2
9060,16,-258,3,-35,57,-1
9065,15,-255,4,-35,58,-3
9070,17,-257,3,-36,55,-2
9075,14,-253,4,-37,57,-5
9080,16,-254,4,-37,59,-2
9085,16,-256,5,-40,58,-4
9090,14,-257,6,-40,58,-3
9095,16,-255,6,-41,56,-5
9100,16,-252,4,-43,57,-3
9105,13,-253,1,-43,56,-6
9110,13,-256,6,-40,55,-3
9115,16,-252,2,-39,55,-8
9120,16,-256,5,-39,55,-4
9125,16,-254,7,-38,53,-6
9130,16,-255,4,-40,53,-5
9135,15,-257,5,-41,53,-8
9140,14,-253,1,-41,53,-6
9145,11,-253,6,-42,52,-9
9150,12,-257,3,-41,55,-6
9155,13,-256,6,-42,57,-9
9160,11,-252,3,-39,57,-6
9165,15,-258,3,-38,58,-7
9170,13,-255,4,-37,60,-6
9175,14,-257,4,-35,60,-8
9180,14,-256,4,-34,60,-7
9185,13,-259,0,-34,62,-8
9190,15,-255,5,-32,65,-7
9195,15,-257,0,-30,67,-8
9200,17,-259,3,-30,69,-8
9205,15,-258,3,-27,69,-9
9210,13,-252,-3,-26,70,-8
9215,13,-254,3,-25,71,-10
9220,16,-257,5,-26,72,-9
9225,16,-257,6,-27,71,-11
9230,15,-257,1,-26,72,-9
9235,17,-255,0,-24,72,-11
9240,14,-256,0,-20,69,-10
9245,16,-254,3,-17,68,-12
9250,18,-256,5,-15,66,-13
9255,17,-253,0,-17,64,-15
9260,16,-254,-5,-19,65,-14
9265,19,-255,-4,-24,63,-14
9270,18,-254,-2,-27,62,-12
9275,16,-254,-1,-28,62,-13
9280,18,-256,-1,-28,61,-11
9285,16,-257,4,-25,59,-11
9290,14,-257,4,-23,58,-9
9295,16,-254,7,-15,58,-7
9300,16,-257,2,-11,57,-7
9305,15,-253,7,-5,56,-7
9310,13,-256,5,4,54,-6
9315,16,-255,2,11,54,-6
9320,13,-256,6,16,53,-4
9325,15,-256,6,20,52,-7
9330,12,-254,7,22,50,-6
9335,15,-253,5,22,49,-6
9340,14,-252,4,19,51,-7
9345,15,-254,6,17,51,-7
9350,14,-252,4,12,52,-7
9355,15,-251,2,9,52,-6
9360,13,-252,6,5,52,-6
9365,17,-254,4,2,55,-5
9370,15,-254,3,-1,54,-4
9375,14,-253,7,-3,55,-4
9380,5,-247,-9,-5,56,-5
9385,11,-252,5,-7,58,-4
9390,16,-252,4,-7,59,-6
9395,17,-253,3,-8,59,-4
9400,18,-257,4,-9,58,-5
9405,15,-255,2,-6,61,-3
9410,15,-256,5,-5,62,-5
9415,15,-254,1,-4,63,-4
9420,16,-257,9,-2,64,-5
9425,17,-255,3,-2,64,-5
9430,13,-258,2,0,63,-6
9435,14,-255,1,1,63,-5
9440,15,-257,3,2,62,-7
9445,14,-252,7,3,61,-6
9450,14,-256,7,2,60,-7
9455,15,-254,-3,1,58,-5
9460,12,-255,8,0,59,-5
9465,14,-254,6,2,59,-3
9470,14,-254,6,3,59,-4
9475,15,-254,7,4,59,-2
9480,17,-255,7,7,60,-5
9485,15,-255,6,8,59,-3
9490,13,-252,8,11,59,-3
9495,16,-254,7,12,57,-3
9500,15,-254,4,12,58,-6
9505,15,-255,4,11,59,-5
9510,14,-254,4,7,60,-7
9515,14,-253,3,5,60,-6
9520,17,-254,6,3,60,-6
9525,15,-251,4,-3,61,-5
9530,15,-253,8,-4,63,-7
9535,16,-258,5,-8,63,-4
9540,15,-254,7,-9,62,-7
9545,14,-257,5,-10,60,-5
9550,16,-254,6,-10,60,-8
9555,15,-258,6,-11,60,-7
9560,14,-257,8,-11,59,-8
9565,15,-254,8,-11,59,-7
9570,15,-257,3,-12,58,-9
9575,19,-255,4,-13,57,-8
9580,18,-256,4,-14,56,-9
9585,13,-258,5,-14,57,-7
9590,17,-257,7,-12,56,-9
9595,15,-255,5,-12,56,-6
9600,16,-256,8,-12,55,-9
9605,14,-256,5,-10,57,-6
9610,16,-253,6,-11,58,-7
9615,16,-259,3,-8,61,-5
9620,17,-253,0,-5,62,-8
9625,16,-253,5,-2,64,-5
9630,15,-258,2,1,66,-7
9635,16,-253,1,0,66,-4
9640,14,-255,6,0,65,-7
9645,16,-254,6,-3,66,-4
9650,17,-258,4,-5,65,-8
9655,15,-253,7,-8,65,-6
9660,15,-252,6,-10,65,-9
9665,16,-254,5,-13,62,-7
9670,16,-254,6,-15,61,-9
9675,16,-254,6,-16,60,-8
9680,16,-255,7,-18,59,-10
9685,16,-254,5,-21,60,-8
9690,18,-255,5,-22,58,-9
9695,15,-255,5,-23,58,-6
9700,15,-254,1,-22,59,-9
9705,19,-254,0,-21,60,-7
9710,15,-253,8,-20,61,-9
9715,15,-257,6,-18,61,-7
9720,15,-254,8,-18,63,-8
9725,17,-256,-1,-16,61,-6
9730,15,-254,2,-13,61,-8
9735,16,-252,4,-13,62,-5
9740,14,-255,1,-12,61,-7
9745,13,-255,7,-12,62,-5
9750,17,-254,-2,-13,61,-6
9755,18,-258,4,-13,62,-4
9760,18,-257,3,-14,60,-5
9765,17,-256,1,-15,61,-3
9770,14,-253,7,-17,62,-6
9775,18,-255,6,-17,62,-4
9780,15,-255,7,-20,62,-6
9785,16,-254,7,-23,62,-2
9790,15,-255,1,-23,63,-5
9795,16,-257,5,-23,64,-4
9800,15,-255,4,-22,65,-5
9805,14,-252,5,-20,63,-3
9810,13,-253,3,-19,64,-7
9815,19,-255,5,-18,63,-4
9820,17,-253,3,-16,62,-7
9825,15,-254,3,-15,61,-6
9830,17,-257,5,-13,59,-7
9835,15,-255,8,-13,60,-6
9840,17,-254,4,-12,59,-8
9845,14,-253,6,-10,60,-7
9850,17,-253,8,-10,59,-8
9855,16,-254,6,-13,59,-8
9860,16,-252,4,-15,61,-9
9865,15,-253,0,-21,61,-6
9870,18,-251,3,-24,62,-9
9875,17,-256,3,-28,61,-4
9880,17,-253,2,-30,60,-5
9885,16,-254,5,-30,59,-3
9890,18,-253,4,-29,60,-3
9895,15,-255,7,-27,61,1
9900,16,-256,6,-21,58,-1
9905,15,-254,2,-17,58,1
9910,16,-255,5,-12,58,-1
9915,17,-256,4,-9,57,1
9920,18,-254,5,-6,57,1
9925,17,-258,3,-5,57,2
9930,16,-256,5,-3,56,2
9935,14,-252,1,-1,57,2
9940,16,-255,5,0,57,0
9945,17,-254,4,-1,58,1
9950,15,-253,5,-4,60,-1
9955,14,-256,5,-6,61,0
9960,15,-254,2,-10,61,-2
9965,17,-253,4,-11,63,-2
9970,15,-254,4,-12,62,-4
9975,15,-256,8,-15,62,-3
9980,14,-253,4,-16,63,-4
9985,17,-254,1,-18,62,-3
9990,15,-255,0,-20,63,-3
9995,17,-255,8,-19,63,-3
10000,18,-254,3,-19,63,-4
10005,16,-253,5,-19,62,-2
10010,17,-254,1,-19,61,-3
10015,17,-254,6,-17,61,-2
10020,14,-253,2,-15,62,-2
10025,18,-257,5,-13,61,0
10030,16,-251,6,-12,60,0
10035,17,-258,0,-12,59,1
10040,18,-254,7,-10,59,2
10045,16,-253,-2,-10,60,3
10050,12,-253,1,-9,59,3
10055,13,-256,4,-7,59,3
10060,16,-257,1,-7,59,2
10065,19,-256,7,-5,59,3
10070,17,-258,3,-4,58,3
10075,16,-254,6,-2,58,2
10080,12,-256,7,-1,58,2
10085,14,-253,3,2,59,0
10090,15,-257,7,2,59,1
10095,17,-253,6,2,59,0
10100,17,-255,3,-1,57,0
10105,15,-254,5,-2,57,-2
10110,16,-255,5,-6,58,-2
10115,16,-252,5,-11,59,-4
10120,18,-254,2,-16,59,-3
10125,18,-252,4,-18,59,-4
10130,16,-253,4,-20,60,-4
10135,14,-255,5,-20,60,-4
10140,16,-255,6,-22,61,-2
10145,13,-254,6,-20,60,-2
10150,16,-252,8,-18,62,-2
10155,17,-255,5,-16,61,-1
10160,14,-256,5,-14,61,1
10165,15,-255,5,-14,60,-1
10170,15,-255,6,-11,60,1
10175,17,-257,4,-8,61,-1
10180,15,-253,6,-8,61,1
10185,15,-255,4,-5,61,-2
10190,15,-257,2,-5,62,-2
10195,13,-254,6,-4,62,-2
10200,15,-258,4,-3,61,-2
10205,13,-256,7,-3,61,-3
10210,15,-252,4,-6,61,-3
10215,14,-254,5,-7,60,-4
10220,14,-253,1,-6,57,-4
10225,12,-252,9,-6,59,-5
10230,16,-258,4,-7,57,-4
10235,14,-253,4,-7,58,-7
10240,15,-255,6,-9,59,-6
10245,15,-253,5,-9,58,-7
10250,13,-256,2,-12,57,-7
10255,16,-252,2,-13,57,-8
10260,15,-253,8,-15,58,-5
10265,16,-253,7,-15,58,-8
10270,15,-253,7,-17,57,-4
10275,15,-255,4,-18,58,-7
10280,17,-255,5,-20,56,-3
10285,15,-254,3,-18,57,-4
10290,14,-253,3,-16,58,-2
10295,16,-255,6,-16,58,-3
10300,16,-257,6,-14,58,-1
10305,15,-254,5,-11,59,-4
10310,17,-254,2,-10,61,-2
10315,15,-256,4,-9,61,-5
10320,15,-257,2,-8,62,-4
10325,15,-257,4,-6,62,-6
10330,16,-254,5,-4,62,-3
10335,16,-256,2,-4,60,-7
10340,15,-253,5,-5,61,-5
10345,16,-253,2,-5,61,-7
10350,14,-251,7,-7,60,-5
10355,15,-255,6,-8,59,-6
10360,14,-251,7,-10,59,-3
10365,18,-253,-1,-8,60,-4
10370,17,-255,3,-10,60,-3
10375,15,-252,4,-10,60,-5
10380,15,-255,3,-10,60,-3
10385,18,-256,5,-11,62,-5
10390,17,-256,8,-12,62,-3
10395,12,-255,6,-12,62,-5
10400,16,-253,7,-13,61,-4
10405,17,-254,8,-12,62,-5
10410,16,-255,6,-13,61,-4
10415,15,-254,5,-12,62,-7
10420,14,-256,8,-11,60,-4
10425,14,-253,6,-9,61,-7
10430,15,-258,5,-7,61,-4
10435,15,-254,5,-5,61,-6
10440,16,-257,4,-3,61,-4
10445,13,-255,6,-1,61,-6
10450,17,-253,6,2,62,-4
10455,18,-253,1,1,62,-7
10460,14,-251,3,-1,61,-5
10465,15,-254,5,-5,60,-7
10470,16,-253,-3,-10,58,-3
10475,17,-254,5,-14,59,-5
10480,15,-252,1,-17,57,-2
10485,14,-251,7,-19,56,-3
10490,16,-252,1,-21,55,1
10495,17,-255,5,-20,55,-1
10500,17,-253,7,-19,55,2
10505,16,-255,2,-19,55,0
10510,20,-257,8,-16,54,2
10515,19,-258,6,-13,55,1
10520,15,-258,8,-10,56,3
10525,16,-254,4,-6,58,1
10530,16,-255,5,-4,56,3
10535,14,-254,7,-6,55,-1
10540,14,-256,6,-6,55,1
10545,17,-251,3,-7,58,0
10550,14,-255,5,-8,58,1
10555,15,-257,8,-8,58,-2
10560,17,-256,6,-5,60,-1
10565,15,-253,5,-4,62,-4
10570,17,-255,1,-2,64,-3
10575,15,-254,6,-2,65,-4
10580,15,-254,7,-2,65,-3
10585,17,-256,8,-1,68,-5
10590,16,-257,5,-2,68,-2
10595,17,-256,1,-3,68,-3
10600,17,-255,6,-4,67,0
10605,18,-255,0,-5,68,-1
10610,14,-252,5,-6,66,2
10615,17,-254,4,-7,68,1
10620,18,-254,3,-7,68,4
10625,16,-252,7,-9,68,4
10630,15,-253,6,-10,66,7
10635,17,-254,5,-13,65,5
10640,17,-254,6,-12,63,9
10645,16,-254,3,-11,62,7
10650,15,-254,7,-13,59,8
10655,15,-254,6,-11,59,7
10660,15,-254,8,-9,60,8
10665,14,-253,5,-8,59,7
10670,18,-256,8,-5,60,7
10675,15,-255,3,-4,63,5
10680,16,-256,7,-3,63,7
10685,15,-257,5,-2,62,5
10690,17,-254,8,-2,62,6
10695,16,-257,4,-3,62,4
10700,18,-252,5,-5,64,4
10705,12,-255,3,-7,64,3
10710,17,-254,8,-10,64,2
10715,14,-256,8,-13,63,2
10720,16,-254,8,-16,62,0
10725,16,-254,7,-17,62,-2
10730,13,-255,8,-18,62,-1
10735,13,-253,7,-19,60,0
10740,14,-257,5,-19,60,-1
10745,15,-257,9,-20,60,-2
10750,15,-254,4,-18,59,-2
10755,17,-258,8,-16,59,-2
10760,15,-257,6,-15,59,-2
10765,17,-257,6,-13,58,-1
10770,15,-255,5,-13,58,-3
10775,13,-254,8,-9,59,-3
10780,13,-256,4,-9,59,-3
10785,15,-256,5,-6,57,-4
10790,15,-255,4,-6,58,-3
10795,16,-254,5,-5,58,-3
10800,15,-251,8,-3,57,-5
10805,14,-255,8,-2,58,-5
10810,15,-255,9,-4,57,-6
10815,13,-254,5,-7,58,-4
10820,13,-257,6,-7,58,-4
10825,14,-252,6,-9,61,-3
10830,13,-254,6,-10,60,-3
10835,16,-257,7,-11,64,-1
10840,16,-254,8,-12,66,-1
10845,16,-255,4,-10,68,0
10850,15,-252,6,-13,67,-1
10855,16,-253,6,-14,66,-1
10860,16,-256,7,-16,66,-1
10865,15,-255,8,-17,65,-1
10870,13,-252,8,-17,62,-2
10875,16,-253,4,-18,61,-1
10880,15,-255,5,-17,60,0
10885,15,-257,8,-17,60,0
10890,13,-255,8,-16,60,-1
10895,16,-252,2,-15,62,1
10900,14,-255,1,-13,62,-1
10905,22,-260,14,-12,63,2
10910,18,-252,30,-10,62,-1
10915,18,-258,-3,-9,62,2
10920,16,-249,5,-9,64,1
10925,22,-250,6,-9,64,2
10930,23,-254,2,-9,60,0
10935,13,-247,-14,-10,58,1
10940,15,-259,9,-11,57,0
10945,14,-256,8,-13,56,1
10950,17,-254,7,-12,56,-1
10955,16,-255,6,-13,56,1
10960,17,-257,1,-15,56,-1
10965,17,-254,1,-14,54,1
10970,15,-254,7,-14,55,-2
10975,17,-253,6,-13,55,1
10980,14,-254,8,-14,56,-1
10985,14,-253,8,-15,56,0
10990,17,-251,8,-14,53,-1
10995,16,-253,4,-15,56,2
11000,16,-255,8,-17,55,-1
11005,15,-252,4,-18,55,0
11010,13,-254,3,-20,55,-4
11015,15,-254,5,-23,57,-3
11020,16,-256,2,-27,57,-5
11025,17,-254,6,-28,57,-4
11030,15,-252,2,-28,58,-7
11035,17,-254,6,-28,59,-5
11040,15,-254,7,-28,58,-5
11045,16,-255,6,-26,58,-1
11050,17,-254,6,-23,58,-4
11055,16,-255,6,-23,58,-2
11060,14,-255,6,-21,59,-2
11065,15,-256,7,-20,59,0
11070,17,-256,-3,-20,60,-3
11075,17,-258,3,-19,61,0
11080,13,-255,3,-19,61,-2
11085,15,-255,7,-18,60,1
11090,17,-257,-1,-15,60,-1
11095,14,-253,4,-15,59,1
11100,16,-256,6,-16,59,0
11105,16,-258,4,-17,60,4
11110,16,-257,5,-17,58,3
11115,14,-255,6,-14,56,5
11120,14,-254,8,-12,56,2
11125,13,-256,4,-10,56,4
11130,16,-253,8,-9,56,1
11135,16,-254,9,-6,58,3
11140,14,-252,7,-6,59,1
11145,13,-254,8,-4,57,2
11150,16,-255,6,-4,58,-2
11155,12,-253,6,-4,58,-1
11160,16,-253,6,-3,60,-4
11165,14,-254,9,-4,59,-3
11170,14,-254,4,-5,57,-5
11175,15,-255,6,-6,59,-3
11180,17,-254,7,-6,60,-5
11185,12,-252,4,-6,60,-3
11190,18,-257,3,-6,62,-5
11195,17,-251,6,-8,62,-1
11200,17,-255,8,-8,61,-3
11205,14,-253,4,-9,59,1
11210,17,-253,2,-12,57,-1
11215,18,-254,2,-12,57,2
11220,14,-256,1,-16,58,0
11225,17,-256,5,-18,57,4
11230,16,-255,5,-19,55,1
11235,18,-254,5,-20,53,4
11240,17,-256,5,-21,51,3
11245,14,-253,7,-23,50,5
11250,17,-257,6,-23,48,4
11255,13,-256,2,-22,48,7
11260,15,-256,8,-18,47,4
11265,17,-255,8,-14,46,7
11270,17,-256,5,-11,47,5
11275,14,-255,4,-10,49,6
11280,12,-254,5,-9,49,4
11285,14,-257,2,-10,51,6
11290,16,-255,3,-10,53,4
11295,15,-254,4,-10,56,6
11300,13,-254,6,-10,56,4
11305,15,-255,5,-10,58,5
11310,15,-254,2,-10,58,3
11315,13,-253,6,-12,58,3
11320,16,-253,5,-12,58,1
11325,15,-257,4,-13,59,2
11330,14,-256,8,-12,58,1
11335,15,-254,9,-12,57,3
11340,13,-254,6,-10,57,2
11345,14,-253,8,-11,56,4
11350,15,-253,5,-10,55,3
11355,15,-255,6,-8,56,4
11360,16,-254,9,-7,56,2
11365,15,-253,8,-6,58,3
11370,16,-253,4,-5,59,2
11375,16,-257,4,-6,58,2
11380,16,-257,6,-7,59,2
11385,16,-255,5,-9,60,1
11390,14,-252,3,-9,60,0
11395,16,-255,3,-9,60,2
11400,13,-253,7,-10,61,0
11405,18,-254,3,-12,61,3
11410,13,-249,6,-12,59,1
11415,15,-253,4,-13,59,3
11420,15,-256,6,-14,56,1
11425,17,-254,3,-14,56,3
11430,18,-257,4,-14,54,3
11435,19,-253,5,-16,54,2
11440,17,-253,6,-18,52,1
11445,12,-253,7,-18,52,2
11450,18,-254,8,-18,51,3
11455,15,-256,2,-20,51,4
11460,14,-254,6,-17,51,3
11465,15,-255,6,-19,52,3
11470,17,-256,8,-17,54,3
11475,14,-254,8,-18,55,3
11480,15,-255,8,-19,54,3
11485,14,-255,5,-19,53,3
11490,12,-253,8,-19,54,3
11495,12,-252,4,-20,53,2
11500,13,-257,6,-19,54,2
11505,14,-255,8,-18,54,2
11510,15,-257,6,-18,52,1
11515,16,-256,6,-17,55,1
11520,13,-256,8,-17,55,0
11525,15,-255,8,-18,55,0
11530,15,-254,6,-16,57,-1
11535,16,-255,5,-16,58,-1
11540,14,-257,1,-15,60,1
11545,13,-254,1,-13,59,0
11550,15,-255,2,-13,59,0
11555,15,-253,7,-12,60,0
11560,14,-254,8,-12,60,1
11565,14,-255,7,-10,60,1
11570,18,-256,6,-10,61,1
11575,15,-255,5,-8,60,0
11580,15,-256,5,-7,60,0
11585,15,-253,6,-8,59,-1
11590,15,-254,4,-6,56,-1
11595,13,-253,3,-7,57,-2
11600,15,-255,5,-11,55,-2
11605,15,-253,2,-12,55,-3
11610,17,-256,7,-14,57,-2
11615,12,-251,3,-17,56,-4
11620,16,-255,7,-19,58,-2
11625,14,-255,1,-20,57,-4
11630,14,-255,4,-23,60,-3
11635,16,-255,3,-25,59,-5
11640,15,-254,8,-27,58,-4
11645,13,-255,7,-23,58,-5
11650,17,-254,4,-21,58,-4
11655,14,-256,7,-17,57,-5
11660,14,-259,6,-14,56,-3
11665,14,-254,8,-9,58,-4
11670,15,-253,6,-6,59,-1
11675,14,-257,1,-4,59,-4
11680,18,-255,3,-6,58,-2
11685,14,-253,3,-8,58,-4
11690,15,-251,4,-12,57,-1
11695,15,-250,2,-18,56,-2
11700,15,-252,3,-21,56,0
11705,16,-253,4,-22,56,-2
11710,14,-258,5,-23,57,1
11715,14,-255,7,-23,58,-3
11720,20,-257,8,-22,58,0
11725,14,-254,5,-21,58,-4
11730,13,-256,3,-21,57,-1
11735,12,-255,7,-19,58,-3
11740,14,-256,7,-17,58,-1
11745,13,-255,7,-14,58,-5
11750,14,-254,6,-15,59,-2
11755,14,-257,5,-13,61,-5
11760,14,-258,6,-13,62,-3
11765,15,-254,3,-13,63,-6
11770,16,-252,5,-12,65,-5
11775,17,-256,5,-13,64,-7
11780,14,-253,5,-15,64,-4
11785,14,-254,7,-16,64,-7
11790,16,-253,8,-16,61,-6
11795,16,-257,7,-15,59,-8
11800,13,-252,5,-15,58,-5
11805,17,-251,5,-17,58,-7
11810,17,-253,6,-18,57,-5
11815,16,-255,6,-20,56,-5
11820,17,-255,4,-22,55,-2
11825,15,-252,3,-24,54,-4
11830,14,-251,4,-24,53,0
11835,14,-253,4,-26,52,-4
11840,16,-255,6,-27,53,-1
11845,15,-255,3,-29,52,-3
11850,14,-254,5,-31,53,0
11855,14,-254,6,-30,54,-1
11860,15,-253,3,-30,54,3
11865,13,-257,8,-28,54,1
11870,15,-258,7,-22,55,3
11875,15,-253,8,-18,56,0
11880,15,-255,8,-16,56,2
11885,12,-257,6,-14,58,-2
11890,13,-255,3,-15,60,-1
11895,15,-254,7,-16,62,-4
11900,15,-253,6,-18,62,-4
11905,16,-257,5,-20,64,-6
11910,17,-255,6,-22,66,-4
11915,17,-252,2,-23,68,-6
11920,17,-257,6,-23,67,-5
11925,15,-254,3,-25,67,-7
11930,15,-256,3,-25,68,-5
11935,15,-253,7,-26,68,-6
11940,14,-254,7,-26,68,-4
11945,17,-253,6,-27,68,-6
11950,13,-253,7,-26,68,-3
11955,14,-254,5,-25,69,-5
11960,15,-256,3,-26,68,-3
11965,12,-255,4,-24,69,-4
11970,14,-257,7,-24,67,-2
11975,14,-255,0,-23,68,-5
11980,14,-254,2,-22,70,-4
11985,14,-256,4,-22,68,-5
11990,16,-256,8,-22,68,-4
11995,17,-254,10,-22,68,-7
